sample_id,context,target_sentence,highlighted_phrase,substituted_masked,referent,refers_to_tesla,substitution_span_ok,note
coref-136882888-19,"               That headwind is definitely worth watching as the apparel chain shifts some sourcing closer to America.
               Now, Tesla is in the spotlight as we just got some fresh European sales data.
               While the stock is almost stable this morning, down about half of a percent and still hovering around 2025 highs, Chinese rival BYD, well, it overtook Tesla for the second straight month.
               While Tesla's sales slumped more than 36%, BYD sold three times as many new cars in the European Union last month, as it did a year earlier.
               Tesla's market share, wait for it, is now 1.2% in Europe.
>>> TARGET >>> Investors remain focused on whether the EV pioneer can make strides in robotics, AI, and other areas Elon Musk is prioritizing.
               Now, on to Opendoor, which has really been trying not to look like a meme stock, but certainly does look like one.","Investors remain focused on whether the EV pioneer can make strides in robotics, AI, and other areas Elon Musk is prioritizing.",,,,,,
coref-138304567-12,"               Moreover, Bitcoin closed the fourth quarter down 23.7%, consistent with the decline in the value of Tesla's digital assets.
               Tesla's Bitcoin journey began in January 2021, when it first acquired $1.5 billion worth of the leading cryptocurrency.
               Tesla previously accepted Bitcoin as a payment option for vehicles before ending the practice due to concerns about the energy consumption used in Bitcoin mining.
               See Also: Missed Nvidia and Tesla?
               RAD Intel Could Be the Next AI Powerhouse — Invest Now at Just $0.85 a Share Tesla reported better-than-expected fourth-quarter financial results, with earnings and revenue beating consensus estimates.
>>> TARGET >>> The company also agreed to invest $2 billion to acquire shares in Musk's artificial intelligence startup, xAI .
               Ink Drop on Shutterstock.com Read Next: This ETF issuer isn't chasing the index — it's building tools for income, leverage, and conviction Motley Fool's analysts have built a new lineup of passive ETFs — explore which ""Foolish"" strategy fits your investment goals.","The company also agreed to invest $2 billion to acquire shares in Musk's artificial intelligence startup, xAI .",The company,"<NAME> also agreed to invest $2 billion to acquire shares in Musk's artificial intelligence startup, xAI .",,,,
anaphora-138291548-16,"               The Pilot Travel Centers with Tesla Semi Chargers will have four to eight charging stalls that deliver up to 1.2 megawatts at each stall.
               The technology will be compatible with Tesla Semi trucks to start, but could open up to other heavy-duty EVs in the future, Pilot said.
               Trending: It's no wonder Jeff Bezos holds over $250 million in art — this alternative asset has outpaced the S&P 500 since 1995, delivering an average annual return of 11.4%.
               Here's how everyday investors are getting started.
               Pilot is the largest network of travel centers in North America, with over 900 locations in 44 states and five Canadian provinces.
>>> TARGET >>> The company serves an average of 1.2 million guests per day.
               The Berkshire company has previously partnered with General Motors and EVgo on charging infrastructure initiatives for electric vehicles at travel centers.",The company serves an average of 1.2 million guests per day.,The company,<NAME> serves an average of 1.2 million guests per day.,,,,
anaphora-141134038-6,"               reviewers who are not familiar, just explain what your company does, what you guys make.
               So, Valvetronic was funded on the principle that people wanted to have the flexibility when they have an exhaust system.
               So, being able to choose loud and quiet sounds.
               So, if you start the car in the neighborhood, it's nice and quiet, then when you're on your favorite backroad, you can have it be enjoyable and have that sound when you want to get that audible feedback from your foot pressing the gas, and noise is an important touch point and feedback of driving.
               One of the challenges is people don't like Tesla because they feel that the way it accelerates is because it's electric is offputting.
>>> TARGET >>> It it makes people uh, sick, you know, whatever.
               Because they're so used to the the ice, the internal combustion engine cars having that feedback.","It it makes people uh, sick, you know, whatever.",It,"<NAME> it makes people uh, sick, you know, whatever.",,,,
coref-141122355-351,"               Why not just sort of scale up Austin or one or two cities before adding cities?
               And sort of what do you need to sort of get that higher volume numbers in a major city?
               What sort of is the roadblock to sort of adding more vehicles on the ground?
               Ashok Elluswamy: The reason we have been expanding across different cities instead of just doubling down on a single city is that we want to make sure that our stack is a very general one.
               It is a general one.
>>> TARGET >>> We just want to like both prove to ourselves and to other folks that it is working across a lot of different cities without too much effort per city.
               And that's what we see internally.",We just want to like both prove to ourselves and to other folks that it is working across a lot of different cities without too much effort per city.,We,<NAME> just want to like both prove to ourselves and to other folks that it is working across a lot of different cities without too much effort per city.,,,,
coref-139176490-12,"               While the court had ruled in the DMV's favor, the agency stayed any suspensions, instead giving the automaker 90 days to adopt the necessary changes.
               Trending: Blue-chip art has historically outpaced the S&P 500 since 1995, and fractional investing is now opening this institutional asset class to everyday investors.
               Tesla has also come under fire after it reported 5 additional crashes of its Robotaxis in Austin last month, taking the total reported incidents involving its cabs to 14 so far.
               Investor Ross Gerber of Gerber Kawasaki raised questions about the FSD system, suggesting that the Elon Musk -led company should adopt hardware changes.
               A Tesla owner has also flagged multiple instances of the company's FSD system driving onto a boat ramp on a lake, almost driving into the lake before the owner intervened.
>>> TARGET >>> The owner shared video footage of the incidents, which has sparked concerns about the capabilities of the system.
               Read Next: Bad Ads Live Forever — See How This AI Helps Fortune 1000 Brands Avoid Them This Under-$1 Pre-IPO AI Company Is Still Open to Retail Investors — Learn More Photo courtesy: Tada Images / Shutterstock Up Next: Transform your trading with Benzinga Edge's one-of-a-kind market trade ideas and tools.","The owner shared video footage of the incidents, which has sparked concerns about the capabilities of the system.",,,,,,
anaphora-136525621-19,"               Of course, the long-term thesis rests on Tesla introducing a global robotaxi service.
               If executed successfully, this could be a financial boon .
               But as things stand right now, the future is highly uncertain, with questions remaining about technical progress, regulatory changes, and user adoption.
               It might be a good idea for investors to turn their attention to Ferrari ( RACE +1.25% ) .
               This isn't your typical car company.
>>> TARGET >>> It's essentially a top luxury brand that sells extremely expensive vehicles, with some models going for millions of dollars.
               The business intentionally keeps a limit on production and deliveries, with the main goal being to support the brand and maintain a level of exclusivity.","It's essentially a top luxury brand that sells extremely expensive vehicles, with some models going for millions of dollars.",It,"<NAME> essentially a top luxury brand that sells extremely expensive vehicles, with some models going for millions of dollars.",,,,
anaphora-137908143-3,"               Oops, something went wrong Tesla, Inc.
               TSLA is under scrutiny after the U.S. auto safety regulator launched a defect investigation into Model 3 compact sedans, citing concerns that emergency door release controls may be difficult to access or identify in critical situations.
               Per the National Highway Traffic Safety Administration (NHTSA), the probe covers about 179,071 model year 2022 vehicles.
>>> TARGET >>> It was initiated on Dec. 23 following a defect petition alleging that the mechanical door release is concealed, unlabeled and not intuitive to locate during emergencies.
               The automaker primarily uses electronic door latches that operate via buttons instead of conventional mechanical handles.","It was initiated on Dec. 23 following a defect petition alleging that the mechanical door release is concealed, unlabeled and not intuitive to locate during emergencies.",It,"<NAME> was initiated on Dec. 23 following a defect petition alleging that the mechanical door release is concealed, unlabeled and not intuitive to locate during emergencies.",,,,
coref-137230899-32,"               Despite all the brouhaha and negative headlines, the TSLA stock is still up 11% on a year-to-date (YTD) basis , with a market cap of $1.4 trillion.
               A substantial portion of this huge market cap is being bet on robotics and AI, and in the ensuing annual meeting on Nov. 6, shareholders will be keenly watching what Musk has to say about both.
               As highlighted in my most recent Tesla piece , I had drawn attention to the fact that Musk expects 80% of the company's future value will be derived from robotaxis and humanoid robots.
               While the response about the robotaxi, which was launched in June of this year in Austin, was mixed , for robots, Musk has asserted that Tesla will be building between 500,000 and 1 million robots by 2027.
               Central to this lies Tesla's in-house AI framework, driven by the Dojo system (distinct from the earlier Dojo Supercomputer project, now abandoned ), which taps into a vast trove of video footage to refine neural networks capable of navigating the erratic challenges that confront drivers every day.
>>> TARGET >>> Layered on top is the company's expansive Supercharger infrastructure worldwide, which further cements user commitment.
               With each vehicle functioning as an always-on hub, Tesla vehicles pull in seamless over-the-air enhancements, Full Self-Driving (FSD) enhancements, and mobile app connectivity, fostering escalating network dynamics and barriers to change that grow stronger with each passing mile.","Layered on top is the company's expansive Supercharger infrastructure worldwide, which further cements user commitment.",the company's,"Layered on top is <NAME> expansive Supercharger infrastructure worldwide, which further cements user commitment.",,,,
coref-137950141-8,"               That compares with a Bloomberg-compiled average of 440,907 vehicles, an 11% annual decline.
               While Tesla's investor relations team has long shared such estimates privately with analysts, the company has not previously published them on its website, suggesting an effort to push a more conservative consensus into the open.
               Is TSLA fairly valued?
               Test your thesis with our free DCF calculator.
               The estimates point to Tesla potentially recording a second consecutive annual drop in vehicle deliveries.
>>> TARGET >>> The company's own compiled average calls for about 1.6 million deliveries this year, down more than 8% from the prior year, and its projections for the following three years also sit below Bloomberg's averages.
               Tesla's shares fell as much as 1.3% on Tuesday before recovering those losses, indicating initial investor caution that did not fully carry through the session.","The company's own compiled average calls for about 1.6 million deliveries this year, down more than 8% from the prior year, and its projections for the following three years also sit below Bloomberg's averages.",The company's,"<NAME> own compiled average calls for about 1.6 million deliveries this year, down more than 8% from the prior year, and its projections for the following three years also sit below Bloomberg's averages.",,,,
coref-141109938-11,"               Which one looks to be the better investment right now?
               Image source: Getty Images.
               Electric vehicle (EV) maker Tesla has been declining in value this year, with its shares down 28% thus far in 2026.
               While that may be bad news for existing shareholders, it could create a more attractive buying opportunity for investors considering buying the EV stock .
               Unlike SpaceX, which isn't profitable, Tesla already has a robust business, having generated around $104 billion in sales over the past four quarters.
>>> TARGET >>> It's also profitable, with its net income totaling $3.8 billion during that time frame.
               While it has been struggling of late amid rising competition, it's a positive sign nonetheless that the business can remain a leader in the EV space and still turn billions in profit as competition ramps up.","It's also profitable, with its net income totaling $3.8 billion during that time frame.",It,"<NAME> also profitable, with its net income totaling $3.8 billion during that time frame.",,,,
coref-136904016-17,"               The step up from the first to the second quarter, alongside a broader factory refresh, suggest a pathway back to higher run rates as new configurations stabilize.
               But, with the help of new products, there's more production growth on the way.
               Management recently said the first builds of a more affordable model occurred in June, with volume production planned for the second half of 2025.
               Tesla also launched an initial robotaxi service in Austin (with a safety rider), while continuing work on Semi and Cybercab for volume production in 2026.
               These milestones matter because they expand the addressable market and can increase factory utilization by helping to bolster demand for additional units.
>>> TARGET >>> Even at roughly 85% utilization of the company's current installed capacity (about 2.35 million units), deliveries would clear 2 million.
               That outcome also assumes steady throughput in Shanghai (Tesla's export hub) and a continued ramp-up in Texas and Berlin as refreshed Model Y variants and the lower-priced vehicle scale.","Even at roughly 85% utilization of the company's current installed capacity (about 2.35 million units), deliveries would clear 2 million.",the company's,"Even at roughly 85% utilization of <NAME> current installed capacity (about 2.35 million units), deliveries would clear 2 million.",,,,
anaphora-136560785-29,"               As of September 2024, Tesla's charging network spanned 40 countries - including the U.S., Canada, Germany, France, China, Japan, Australia, and the U.K. - comprising 6,706 Supercharger stations, 62,421 Supercharger connectors, and more than 40,000 Level 2 Wall Connectors.
               Virta Global Virta Global offers a comprehensive digital platform for managing EV charging networks, energy services, and multi-market charging operations.
               The platform is utilized by over 1,000 businesses across various sectors, including retail, hospitality, real estate, parking, fuel retail, automotive, and energy.
               These partners manage more than 120,000 EV chargers across 35 countries through the Connected to Virta network.
               With roaming agreements, Virta provides access to over 620,000 charging points in 65 countries.
>>> TARGET >>> The company's turnkey solution includes pre-configured charging stations that require no on-site software expertise.
               Its cloud-based management system, Virta Hub, delivers secure remote operations, energy optimization, seamless payment processing, firmware updates, and 24/7 customer support.",The company's turnkey solution includes pre-configured charging stations that require no on-site software expertise.,The company,<NAME> turnkey solution includes pre-configured charging stations that require no on-site software expertise.,,,,
coref-141071392-27,"               The profit-and-loss statement is.
               The company is selling more vehicles than in any prior second quarter and keeping almost none of the resulting profit, while pouring money into artificial intelligence (AI) computing, its robotaxi build-out, and its Optimus robot program.
               And management says the spending gets bigger from here.
               Chief financial officer Vaibhav Taneja reiterated on the second-quarter earnings call that capital expenditures will exceed $25 billion this year, and he said they will keep growing through 2027 and 2028.
               The company is also securing debt facilities that would let it borrow up to $30 billion.
>>> TARGET >>> ""[W]e should be spending on [capital expenditures] as fast as we can without it being too wasteful,"" CEO Elon Musk said on the call.
               That may prove to be the right long-term strategy.","""[W]e should be spending on [capital expenditures] as fast as we can without it being too wasteful,"" CEO Elon Musk said on the call.",we,"""[W]e should be spending on [capital expenditures] as fast as <NAME> can without it being too wasteful,"" CEO Elon Musk said on the call.",,,,
coref-138290179-18,"               Uh, I'm open to other ideas, but that sounds like it sounds like the it sounds like if you could say what is the best future you could possibly imagine, I I guess it would be that everyone can have whatever they want, including um amazing medical care, um, and
               and but we still keep uh, you know, the beauty of nature and and uh and Earth.
               I think that's probably the best outcome.
               Um, and uh and we we're seeing obviously the first steps along that way, um this year for Tesla, uh first major steps.
               um as we increase vehicle autonomy, um and begin to produce uh Optimus robots at scale.
>>> TARGET >>> Um we're we're making very, very big investments.
               So this is going to be a very big CAPEX year uh as Bible will will get into.","Um we're we're making very, very big investments.",we,"Um <NAME>'re we're making very, very big investments.",,,,
anaphora-136581241-43,"               The difference suggests investors are assigning a growth premium well above what is indicated by the company's fundamentals and risk-adjusted outlook.
               Result: OVERVALUED PS ratios tell one story, but what if the real opportunity lies elsewhere?
               Discover companies where insiders are betting big on explosive growth .
               Earlier we mentioned that there's an even better way to understand valuation, so let's introduce you to Narratives.
               In simple terms, a Narrative is your own story or perspective on a company, which you back up with your own assumptions about its future revenue, profit margins, and valuation.
>>> TARGET >>> This approach essentially connects the company's big picture vision with the numbers behind its value.
               Rather than just relying on a single ""fair value"" estimate, Narratives make the investment process more practical and dynamic by letting you create a financial forecast rooted in your outlook.",This approach essentially connects the company's big picture vision with the numbers behind its value.,the company,This approach essentially connects <NAME> big picture vision with the numbers behind its value.,,,,
anaphora-140474600-3,"               While Nvidia and Tesla dominate the headlines, another company has quietly joined them at the very top.
               As of this writing, Broadcom ( AVGO +0.43% ) is worth about $2.1 trillion -- nearly half a trillion dollars more than Tesla, and one of only a handful of companies ever to reach that mark.
               Yet for a business this size, it draws a fraction of the attention.
>>> TARGET >>> Its products don't sit in driveways or living rooms; they sit deep inside the data centers that train and run artificial intelligence (AI) .
               And that is exactly where the money is flowing.",Its products don't sit in driveways or living rooms; they sit deep inside the data centers that train and run artificial intelligence (AI) .,Its,<NAME> products don't sit in driveways or living rooms; they sit deep inside the data centers that train and run artificial intelligence (AI) .,,,,
anaphora-136476569-6,"               The firm downgraded the stock to Underperform, cutting its target price to HK$82 (US$21) from HK$110 (US$28) in a note on Friday.
               ""Li Auto looks set to miss lagging sell-side Q2 estimates on volume (-13%) and revenue (-7%),"" Macquarie wrote.
               While vehicle margins may show upside, ""this may not be enough to offset a bottom-line miss (-23%).""
               The broker estimates 105,000 units for the third quarter, below consensus expectations of 139,000, noting that July sales reached only 30,000 and August registrations tracked under 30,000 per week.
               A key near-term catalyst is expected to be the launch of the i6 BEV in September, which will go head-to-head with Tesla's Model Y and Xiaomi's YU7.
>>> TARGET >>> However, Macquarie highlighted risks: ""No official orders were disclosed by the company, a major contrast to the successful L6 launch last year when updates were given every 10k orders.
               This could imply a weaker-than-expected order cadence.""","However, Macquarie highlighted risks: ""No official orders were disclosed by the company, a major contrast to the successful L6 launch last year when updates were given every 10k orders.",the company,"However, Macquarie highlighted risks: ""No official orders were disclosed by <NAME>, a major contrast to the successful L6 launch last year when updates were given every 10k orders.",,,,
coref-140475855-25,"               While the $3.4 trillion valuation is breathtakingly big, the combined profits generated by the two potential partners wouldn't even qualify as shockingly small––based on recent results, they'd be negative.
               In the past four quarters, Tesla posted $3.9 billion in GAAP net earnings.
               That's down from $15 billion in 2023, and $7.0 billion in 2024.
               Even the official figure overstates its core profitability.
               In the year ended in Q1, Tesla booked roughly $1.6 billion after tax from sales of regulatory credits, a category that's already dwindling and Musk admits will probably disappear, plus proceeds from shrinking its cache of Bitcoin.
>>> TARGET >>> So its real ""core"" earnings are more like $2.3 billion.
               But let's stay optimistic and use the official GAAP number at $3.9 billion.","So its real ""core"" earnings are more like $2.3 billion.",its,"So <NAME> real ""core"" earnings are more like $2.3 billion.",,,,
anaphora-139208002-3,"               In a post on the social media platform X on Tuesday, the senator shared that the companies like Tesla, Ticketmaster and Palantir last year ""made billions of dollars in profits, but paid ZERO in federal income taxes,"" he said.
               He then asked whether President Donald Trump ""will address this outrage at his SOTU address?""
               Sanders expressed doubt over it happening, though.
>>> TARGET >>> According to Palantir's annual report, the company reported a U.S. income of $1.5 billion in the fourth quarter, as well as $4.4 billion in yearly revenue, but paid 0 federal income taxes and paid over $2.5 million in state taxes using research and development credits, among other things.
               Tesla, too, paid zero federal income taxes .","According to Palantir's annual report, the company reported a U.S. income of $1.5 billion in the fourth quarter, as well as $4.4 billion in yearly revenue, but paid 0 federal income taxes and paid over $2.5 million in state taxes using research and development credits, among other things.",the company,"According to Palantir's annual report, <NAME> reported a U.S. income of $1.5 billion in the fourth quarter, as well as $4.4 billion in yearly revenue, but paid 0 federal income taxes and paid over $2.5 million in state taxes using research and development credits, among other things.",,,,
anaphora-138298479-19,"               ""You have to start thinking about us as moving to providing transportation as a service more than the total addressable market for the purchased vehicles alone.""
               Basically, driving a car like the Model S isn't the future, but a car driving you is.
               In a first for the company, Tesla revealed it has 1.1 million paying subscribers for its full self-driving (FSD) business.
               ""FSD subscriptions are tied to Musk's performance package and are now a reported metric, standing at 1.1 million active subscriptions with 38% year-over-year growth, outpacing cumulative vehicle deliveries at 22%,"" William Blair analyst Jed Dorsheimer wrote in a note.
               Tesla is essentially going all in on FSD and getting the software active in as many vehicles as possible.
>>> TARGET >>> It also means offering it only as a subscription, as Musk revealed earlier this month, and selling cheaper vehicles, like the standard Model 3 and Model Y, to expand its reach.
               And those vehicles could eventually end up in Tesla's robotaxi network, a dream of Musk's.","It also means offering it only as a subscription, as Musk revealed earlier this month, and selling cheaper vehicles, like the standard Model 3 and Model Y, to expand its reach.",It,"<NAME> also means offering it only as a subscription, as Musk revealed earlier this month, and selling cheaper vehicles, like the standard Model 3 and Model Y, to expand its reach.",,,,
anaphora-141080219-29,"               Capital spending and weakening free cash flow remain the primary overhangs, but the latest results also suggest that these investments are beginning to generate meaningful returns.
               Alphabet Alphabet delivered another excellent quarter.
               Google Cloud revenue surged 84% year over year, while Search growth accelerated into the mid-teens.
               Investors instead focused on the continued rise in capital spending and the fact that free cash flow turned negative for the first time in the company's history.
               Those are legitimate concerns, but the valuation provides a considerable margin of safety.
>>> TARGET >>> At roughly 17 times forward earnings, with EPS expected to grow 17.4% annually and the company exceptionally well positioned for the modern digital economy, Alphabet is difficult to overlook.
               It currently carries a Zacks Rank #2 (Buy).","At roughly 17 times forward earnings, with EPS expected to grow 17.4% annually and the company exceptionally well positioned for the modern digital economy, Alphabet is difficult to overlook.",the company,"At roughly 17 times forward earnings, with EPS expected to grow 17.4% annually and <NAME> exceptionally well positioned for the modern digital economy, Alphabet is difficult to overlook.",,,,
anaphora-141083615-18,"               After being passed by Bernard Arnault and falling to the second-richest person in the world, Musk regained the title of richest man in the world in 2023 thanks to a recovery in Tesla’s share price.
               Musk’s wealth increased by $92.0 billion in 2023 in one of the biggest one-year jumps ever, ending the year worth $229 billion.
               The Tesla CEO ended 2025 worth an estimated $619 billion, according to Bloomberg.
               There is also a new pay package from Tesla that could pay Musk nearly $1 trillion in compensation if he reaches certain milestones, which could significantly add to his wealth over time.
               Ellison owns 41% of Oracle, a stake that has been boosted thanks to the company’s aggressive buybacks in recent years.
>>> TARGET >>> Ellison owned 22% of the company 15 years ago, but the buybacks and minimal selling have boosted his stake, according to Forbes .
               Ellison has regularly ranked among the richest people in the world, ending 2025 ranked fifth at $247 billion.","Ellison owned 22% of the company 15 years ago, but the buybacks and minimal selling have boosted his stake, according to Forbes .",the company,"Ellison owned 22% of <NAME> 15 years ago, but the buybacks and minimal selling have boosted his stake, according to Forbes .",,,,
coref-138295575-3,"               Markets Hot Stocks Fear & Greed Index Latest Market News Hot Stocks Tesla dominated the electric vehicle industry by the mid-2010s with sleek, fast cars that helped combat the public perception that EVs were severely limited by short ranges.
               Now the company – and its controversial CEO, Elon Musk – face stiffer competition and political headwinds.
               Its EV sales fell by a record 9% in 2025, amid increasing rivalry from China and the expiration of the US EV sales tax credit.
>>> TARGET >>> But Musk has been steering the company toward an audacious bet.
               He believes Tesla’s future won’t ride on cars but on humanoid robots.",But Musk has been steering the company toward an audacious bet.,the company,But Musk has been steering <NAME> toward an audacious bet.,,,,
anaphora-136851471-14,"               In the world of automotive manufacturing, $20 million does not go very far.
               To contrast, Slate Auto, which is building its own wild take on a small electric pickup truck, has raised more than $700 million .
               Startups like Fisker Inc. , Canoo , and Lordstown Motors also raised hundreds of millions before they all collapsed.
               Telo has far more modest goals and a sharper aim than those companies, though.
               ""Our hyper-focus is on trucks for the downtowns of cities,"" co-founder and CEO Jason Marks told TechCrunch on a video call while bouncing around Telo's 10,000-square-foot San Carlos facility — which shares a backyard with the original Tesla headquarters.
>>> TARGET >>> While Telo may someday embrace other markets — Marks said some small farmers are quite interested in the truck — the company considers those to be secondary.
               It's cities that Marks wants to conquer first; the CEO said he's spent far too much time circling San Francisco streets looking for parking to focus on any other use case.",While Telo may someday embrace other markets — Marks said some small farmers are quite interested in the truck — the company considers those to be secondary.,the company,While Telo may someday embrace other markets — Marks said some small farmers are quite interested in the truck — <NAME> considers those to be secondary.,,,,
coref-137878305-2,"               Tesla ( TSLA +3.80% ) , electric vehicles and energy storage maker, closed Monday at $488.73, up 1.56% as shares continued to trade near record territory.
               Tesla IPO'ed in 2010 and has grown 38,483% since going public.
>>> TARGET >>> Trading volume reached 86.6 million shares, roughly 1.4% above its three-month average of 85.8 million shares.
               Monday’s move followed a Delaware Supreme Court ruling on Elon Musk’s compensation, ending a long legal battle.","Trading volume reached 86.6 million shares, roughly 1.4% above its three-month average of 85.8 million shares.",its,"Trading volume reached 86.6 million shares, roughly 1.4% above <NAME> three-month average of 85.8 million shares.",,,,
coref-137897202-31,"               The answer to these questions is not simple and depends heavily on how seriously you take Musk's word.
               As an investor, one needs to decide what risk they are willing to take on.
               If buying at an all-time high makes you wonder about the downside if the broader market takes a turn for the worse, it's better to stay away.
               If you are excited about the company’s prospects and lead in AI and robotics, buying below $500 could turn out to be a bargain, especially when the FOMO crowd gets back into the stock once it crosses that psychological level of $500.
               Tesla announced its Q3 2025 earnings on Oct. 22 and failed to beat earnings estimates.
>>> TARGET >>> It reported an EPS of $0.5 vs. an estimated EPS of $0.54.
               It did beat the consensus estimates on revenue, reporting $28.1 billion during the quarter against estimates of $26.37 billion.",It reported an EPS of $0.5 vs. an estimated EPS of $0.54.,It,<NAME> reported an EPS of $0.5 vs. an estimated EPS of $0.54.,,,,
anaphora-141054986-15,"               A newsletter built for market enthusiasts by market enthusiasts.
               Top stories, top movers, and trade ideas delivered to your inbox every weekday before and after the market closes.
               Tesla Inc. (NASDAQ: TSLA )
               CEO Elon Musk revived the cameras-versus-LiDAR fight after Volvo Group (OTC: VOLVF ) confirmed it would abandon Luminar-supplied sensors and related features on its EX90 and ES90 electric vehicles.
               Volvo ended its partnership with Luminar Technologies Inc. (NASDAQ: LAZR ) in November after supply disruptions and a contract dispute.
>>> TARGET >>> The automaker says LiDAR is no longer available on the EX90, while affected Norwegian owners will receive 18,000 kroner, or about $1,900, because promised LiDAR-based functions will not launch.
               Delivered cars will keep the roof-mounted hardware, but Volvo plans to rely on cameras and radar for driver assistance.","The automaker says LiDAR is no longer available on the EX90, while affected Norwegian owners will receive 18,000 kroner, or about $1,900, because promised LiDAR-based functions will not launch.",The automaker,"<NAME> says LiDAR is no longer available on the EX90, while affected Norwegian owners will receive 18,000 kroner, or about $1,900, because promised LiDAR-based functions will not launch.",,,,
coref-141103169-204,"               Tyler Crowe: I want to do a quick thing and try to flip the script on Balf because each Petsense stock, Lou, you got Tractor Supply.
               It's down about 45% over the past year, trading at about 14 times earnings.
               Based on some of the things that Jon said, are you interested in buying?
               I'm going to flip the question to you as well, Jon, interested in RTX, based on up 36%, trading at 39 times earnings.
               Lou Whiteman: I'm genuinely scared of retail, but Tractor Supply supply is always one I've looked at.
>>> TARGET >>> Maybe if they get cheap enough, I might look at it, but look, in retail I'm not much of a shopper, and so I'm really bad at spotting trends.
               I just hide from retail most of the time.","Maybe if they get cheap enough, I might look at it, but look, in retail I'm not much of a shopper, and so I'm really bad at spotting trends.",they,"Maybe if <NAME> get cheap enough, I might look at it, but look, in retail I'm not much of a shopper, and so I'm really bad at spotting trends.",,,,
coref-138294592-2,"               Oops, something went wrong Tesla ( TSLA ) released fourth quarter results after Wednesday's market close, reporting adjusted earnings of $0.50 per share compared to estimates of $0.45 and revenue of $24.90 billion versus estimates of $25.11 billion.
               In Wednesday's earnings call, Tesla CEO Elon Musk spoke more about his plans for the EV company's full self-driving (FSD) capabilities and robotaxi services, adding that Tesla owners will be able to ""lend"" their vehicles to the growing autonomous robotaxi service ""kind of like how Airbnb works.""
>>> TARGET >>> The company seeks to expand its robotaxi business to other US cities as it currently operates in Austin, Texas, and San Francisco, California.
               Musk announced last week that Tesla has removed its safety monitoring feature Autopilot, enabling the robotaxis to reportedly be fully autonomous.","The company seeks to expand its robotaxi business to other US cities as it currently operates in Austin, Texas, and San Francisco, California.",The company,"<NAME> seeks to expand its robotaxi business to other US cities as it currently operates in Austin, Texas, and San Francisco, California.",,,,
coref-141043581-26,"               Tesla’s comparable number was an increase of 75% to 124,242.
               At least Tesla reversed its troubled sales in 2025.
               So, what is the problem?
               Tesla rules the U.S. EV sector.
               Fossil fuel challengers like Ford ( NYSE: F ) and GM ( NYSE: GM ) have largely left the market.
>>> TARGET >>> That should fuel market share growth for Elon Musk’s company.
               However, just offstage is anxiety among investors that at some point, some US President will drop tariffs, probably as part of a larger trade deal with China.",That should fuel market share growth for Elon Musk’s company.,,,,,,
anaphora-139210532-32,"               As Ford deepens relationships with fleet customers, Ford Pro is becoming a meaningful contributor to company earnings and a key lever for margin stability.
               F sports a Zacks Rank #1 (Strong Buy) at present.
               You can see the complete list of today's Zacks #1 Rank stocks here .
               Tesla's software strategy revolves around Full Self-Driving (FSD) and a clear shift toward subscription-based monetization.
               In 2025, monthly subscriptions to FSD (Supervised) more than doubled sequentially.
>>> TARGET >>> Effective Feb. 15, the company has now transitioned access to subscription-only, eliminating the one-time $8,000 purchase option as the economics of buying FSD outright stopped making much sense.
               It would take several years of continuous use to break even versus subscribing.","Effective Feb. 15, the company has now transitioned access to subscription-only, eliminating the one-time $8,000 purchase option as the economics of buying FSD outright stopped making much sense.",the company,"Effective Feb. 15, <NAME> has now transitioned access to subscription-only, eliminating the one-time $8,000 purchase option as the economics of buying FSD outright stopped making much sense.",,,,
anaphora-141042487-17,"               Grids across the US face unprecedented demand growth as the data center buildout has severely strained network areas that until recently had massive supply gluts.
               The average electricity price to consumers is projected to increase 4.3% this year to a record 14.22 cents per kilowatt-hour, according to US Energy Information Administration data going back to the late 1990s.
               The deal is the first between Tesla and ContourGlobal.
               Agreements such as this one typically run for 10 to 15 years, providing buyers with predictable electricity costs while giving developers the revenue certainty needed to finance new projects.
               Sterling will become the largest renewable asset in ContourGlobal's portfolio.
>>> TARGET >>> The company acquired the project in late 2024 and will trade the remaining 10% of its output by itself.
               Most Read from Bloomberg Businessweek Canada's MAGA-Friendly Premier Advances Her Pro-Oil Agenda The Menopause Gold Rush Is Failing Women",The company acquired the project in late 2024 and will trade the remaining 10% of its output by itself.,The company,<NAME> acquired the project in late 2024 and will trade the remaining 10% of its output by itself.,,,,
coref-139196875-30,"               All rights reserved.
               To add Benzinga News as your preferred source on Google, click here .
               A newsletter built for market enthusiasts by market enthusiasts.
               Top stories, top movers, and trade ideas delivered to your inbox every weekday before and after the market closes.
               Tesla Inc (NASDAQ: TSLA ) shares are diving lower Monday.
>>> TARGET >>> The electric‑vehicle market seems to be weakening, and there are growing concerns about the company's core automotive business .","The electric‑vehicle market seems to be weakening, and there are growing concerns about the company's core automotive business .",the company's,"The electric‑vehicle market seems to be weakening, and there are growing concerns about <NAME> core automotive business .",,,,
anaphora-140724565-1,"               Oops, something went wrong Mark Carter joins as Socure's CISO, bringing decades of leadership from Navan, Salesforce and Tesla as the company continues to expand security, risk, and compliance practices required to support enterprise customers at global scale INCLINE VILLAGE, Nev., June 25, 2026 --( BUSINESS WIRE )--
>>> TARGET >>> Socure , the leading trust infrastructure for global identity and risk intelligence, today announced the appointment of Mark Carter as the company's Chief Information Security Officer (CISO).
               The appointment reflects Socure's continued growth and commitment to operating at the highest levels of security and resilience in the AI era.","Socure , the leading trust infrastructure for global identity and risk intelligence, today announced the appointment of Mark Carter as the company's Chief Information Security Officer (CISO).",the company,"Socure , the leading trust infrastructure for global identity and risk intelligence, today announced the appointment of Mark Carter as <NAME> Chief Information Security Officer (CISO).",,,,
coref-141135440-8,"               It sounds nuts, but SoFi 1 is giving new Active Invest users up to $3,000 in stock for a limited time, and all it takes is a $50 deposit to get started.
               2 See for yourself (Sponsor) Sending You to Google News in 3 Tesla ( NASDAQ:
               TSLA | TSLA Price Prediction ) currently trades at $327.35 against an average Wall Street price target of $397.87, an implied upside of 21.5%.
               Wedbush’s Dan Ives holds a $600 price target on Tesla, roughly 83% upside from here and close to a double.
               Tesla is valued as an AI, autonomous fleet, and humanoid robotics platform wearing an automaker’s revenue base.
>>> TARGET >>> The gap between analyst models and market pricing captures how much of that pivot investors are willing to pay for after a bruising earnings report.
               Tesla’s second-quarter earnings collapsed despite accelerating revenue.",The gap between analyst models and market pricing captures how much of that pivot investors are willing to pay for after a bruising earnings report.,,,,,,
anaphora-141041708-25,"               Tesla has kept the number of vehicles in its fleet very low.
               When asked why it doesn't scale to hundreds of vehicles in a given city, management said it's intentional, keeping its fleet small and testing its service across multiple cities to prove its self-driving service works everywhere.
               Musk also noted that it still needs to accumulate miles with its new Cybercab chassis before it can confidently scale the vehicle.
               But this strategy could ultimately be the reason Uber proves to be a better investment than Tesla.
               In a recent interview, Ackman explained what matters most to consumers when using a service like Tesla's robotaxi or Uber: ""You want the lowest-cost car that's going to get you from place A to B in the shortest period of time.""
>>> TARGET >>> It's not any more complicated than that.
               Uber is uniquely positioned to perform best based on those criteria.",It's not any more complicated than that.,It,<NAME> not any more complicated than that.,,,,
coref-137649812-14,"               At least not directly.
               Just look at the numbers.
               Rivian -- a fairly well-financed EV competitor that is currently mostly focused on designing and producing new EV models -- trades at a price-to-sales ratio of 3.
               Tesla, on the other hand, trades at more than 15 times sales!
               Tesla does have other business units, like energy generation and storage.
>>> TARGET >>> But those segments still contribute a small portion of the company's revenue and profits.
               The company's car business, meanwhile, is expected to barely grow this year.",But those segments still contribute a small portion of the company's revenue and profits.,the company's,But those segments still contribute a small portion of <NAME> revenue and profits.,,,,
coref-136882881-30,"               Yeah, it's pretty amazing what you mentioned about the Model Y because Tesla defenders in the sort of depths of the PR crisis for Tesla, they were saying, well, it's just because it's not actually because of political headlines, it's because people are waiting for the Model Y remapp.
               Uh, how'd that work out?
               And now that's not translating.
               I'm going to be really curious to see once we start to lap the losses this year, then what next year's uh numbers for Tesla look like.
               Yeah, and for the Tesla Bulls out there, they're very focused on robotics.
>>> TARGET >>> They are into the robo taxi rollout.
               But cars, EVs, it still makes up the bulk of the the profits for this company.",They are into the robo taxi rollout.,They,<NAME> are into the robo taxi rollout.,,,,
anaphora-140444679-19,"               Meanwhile, TSLA’s stock edged 0.5% higher, with retail sentiment dropping to ‘bearish’ from the ‘neutral’ zone over the past day, while chatter stayed at ‘normal’ levels.
               Sentiment around SPCX’s stock , which is not publicly listed yet, also moved lower to ‘bullish’ from ‘extremely bullish’ territory over the past day.
               Some retail traders on the platform were in favour of a merger between SpaceX and Tesla, while others were worried about the structural changes that may follow.
               Advertisement | Remove ads.
               Elon Musk discussed combining Tesla and SpaceX with close associates, according to a CNBC report .
>>> TARGET >>> It said that a perception is spreading inside both companies that such a deal could ultimately happen, though no timeline has been set.
               On Wednesday, early SpaceX investor Peter Diamandis told Bloomberg that a post-IPO merger between the two companies was a matter of when, not if.","It said that a perception is spreading inside both companies that such a deal could ultimately happen, though no timeline has been set.",It,"<NAME> said that a perception is spreading inside both companies that such a deal could ultimately happen, though no timeline has been set.",,,,
coref-140476858-11,"               Don't Miss: A single bad hire can set a startup back years.
               Here are the 5 hires founders most often misjudge — and why Still Learning the Market?
               These 50 Must-Know Terms Can Help You Catch Up Fast Catalyst Brands is the operator of JCPenney, Aéropostale and Brooks Brothers .
               The brand company is owned by Brookfield Asset Management , Simon Property Group , Authentic Brands Group, Shein and former JCPenney investors.
               Figure said the partnership shows how the company is leading the transformation of the global workforce, which includes the following: Deployment at Scale Workforce Modernization Strategic Ecosystem Alignment Brookfield is an investor in both Catalyst Brands and Figure, and the announcement says it supports the vision for the future of industrial automation.
>>> TARGET >>> At the time of Brookfield's investment in Figure in September, the company said it would help Figure with a real-world pretraining dataset and infrastructure to get humanoid robots into commercial settings.
               ""As we invest in and scale our portfolio, this collaboration with Figure shows how emerging technologies can modernize our operations while strengthening our workforce,"" Catalyst Brands CEO Marc Rosen said.","At the time of Brookfield's investment in Figure in September, the company said it would help Figure with a real-world pretraining dataset and infrastructure to get humanoid robots into commercial settings.",,,,,,
anaphora-140771866-9,"               GuruFocus has detected 7 Warning Signs with TSLA.
               Is TSLA fairly valued?
               Test your thesis with our free DCF calculator.
               The company's pitch is different from Tesla's.
               Wayve co-founder Alex Kendall told The Wall Street Journal that not everyone wants to buy a Tesla, adding that Wayve wants to bring autonomy software to other automakers.
>>> TARGET >>> The company also expects to launch supervised autonomy software in consumer vehicles in 2027.
               Founded in 2017, Wayve focuses on end-to-end deep learning and embodied intelligence, which helps its AI adapt to new environments.",The company also expects to launch supervised autonomy software in consumer vehicles in 2027.,The company,<NAME> also expects to launch supervised autonomy software in consumer vehicles in 2027.,,,,
coref-139906867-4,"               Oops, something went wrong Tesla Inc. (NASDAQ: TSLA ) is one of the 8 Best Automotive Stocks to Buy According to Analysts .
               The stock grew 31.63% in the past year, while it declined 14.10% year-to-date.
               On April 22, Reuters reported that Tesla is further boosting its spending plan to over $25 billion this year to support its initiatives in artificial intelligence, robotics, and chips.
               Hadrian / Shutterstock.com Tesla said in the Q1 update: ""We are making the necessary investments that will ensure our access to key materials and componentry in each region across vehicle, energy and AI as trade and geopolitics become more uncertain.
>>> TARGET >>> In recent months, we have announced further regionalization and vertical integration of critical supply chains,"" The company reported a 16% rise in total revenues in the first quarter of the year to $22.4 billion from $19.3 billion in the same period last year.
               On the other hand, on April 23, Canaccord Genuity raised its price target on Tesla to $450 from $420 and maintained a Buy rating on the shares, citing the company's higher capital expenditure plan, according to a report by TheFly.","In recent months, we have announced further regionalization and vertical integration of critical supply chains,"" The company reported a 16% rise in total revenues in the first quarter of the year to $22.4 billion from $19.3 billion in the same period last year.",we,"In recent months, <NAME> have announced further regionalization and vertical integration of critical supply chains,"" The company reported a 16% rise in total revenues in the first quarter of the year to $22.4 billion from $19.3 billion in the same period last year.",,,,
coref-141122355-268,"               Sorry, Andrew, we're going to have Karn hop in here for additional color briefly.
               Just to add to Elon's point, the Samsung fab that's going to be pretty significantly dedicated to future projects.
               That's a massive investment, multibillion dollar.
               We're having -- we're seeing the same level of investment going to memory and also new specific like metal injection molded parts, flexible printed circuits and all sorts of nonlinear technologies that are more based for the robot as opposed to the traditional vehicle supply chain we've had.
               And in certain cases where we don't find a great partner, we've never hesitated from in-sourcing it.
>>> TARGET >>> And we have a very capable manufacturing engineering team and a design team that helps us scale those things.
               I actually I'd also like to thank Micron for giving us the memory allocation.",And we have a very capable manufacturing engineering team and a design team that helps us scale those things.,we,And <NAME> have a very capable manufacturing engineering team and a design team that helps us scale those things.,,,,
anaphora-136904014-18,"               As most investors following the industry know, there's a way to comply with these mandates by purchasing zero-emission credits from companies that have a surplus.
               Companies such as Tesla that only sell EVs and have no gasoline vehicle sales to offset, can simply sell their credits to needy gasoline-heavy automakers and pocket the money -- it's great business for pure EV makers.
               Zero-emission credit sales were instrumental during Tesla's early years and still have been a major contributor to its financials .
               The good news for Tesla is that Canadian automakers may not have an option other than to begrudgingly purchase from Tesla despite the ruffled feathers between the two entities.
               According to Canadian Vehicle Manufacturers' Association president Brian Kingston, with 2026 models already being purchased, Tesla would be one -- if not the only -- automaker with a surplus of credits on hand to sell to other companies.
>>> TARGET >>> It also gets a little more complicated because as the targets become more challenging there will be more demand and less supply of these credits available, forcing some automakers to buy them ahead of time to be utilized when necessary.
               According to Kingston, estimates show over $1 billion has already been committed to this and could cost the Canadian industry more than $3 billion by 2030.","It also gets a little more complicated because as the targets become more challenging there will be more demand and less supply of these credits available, forcing some automakers to buy them ahead of time to be utilized when necessary.",It,"<NAME> also gets a little more complicated because as the targets become more challenging there will be more demand and less supply of these credits available, forcing some automakers to buy them ahead of time to be utilized when necessary.",,,,
coref-139577775-21,"               The company has multiple vehicles in its fleet, which include luxury and midsize sedans, crossover SUVs, a light truck, and a semi truck.
               Tesla also plans to begin selling a sports car and offer a robotaxi service.
               Global deliveries in 2025 were nearly 1.64 million vehicles.
               The company sells batteries for stationary storage for residential and commercial properties including utilities and solar panels and solar roofs for energy generation.
               Tesla also owns a fast-charging network and an auto insurance business.
>>> TARGET >>> At 335.03 , the stock's Price to Earnings ratio significantly exceeds the industry average by 18.94x , suggesting a premium valuation relative to industry peers.
               It could be trading at a premium in relation to its book value, as indicated by its Price to Book ratio of 16.53 which exceeds the industry average by 5.2x .","At 335.03 , the stock's Price to Earnings ratio significantly exceeds the industry average by 18.94x , suggesting a premium valuation relative to industry peers.",the stock's,"At 335.03 , <NAME> Price to Earnings ratio significantly exceeds the industry average by 18.94x , suggesting a premium valuation relative to industry peers.",,,,
coref-138507182-1,"               September has historically been Wall Street's ""bad luck month,"" but this year it's been anything but , unless you've been betting against Tesla Inc. (NASDAQ: TSLA ).
>>> TARGET >>> TSLZ stock saw amplified losses past month.
               Track its prices in real-time .",TSLZ stock saw amplified losses past month.,,,,,,
coref-137878314-6,"               The court reversed a lower court's decision to cancel the $56 billion pay package.
               This news removed a significant legal uncertainty that had loomed over the company.
               Adding to the positive sentiment, the company reportedly began testing fully driverless vehicles in Austin, Texas, without safety drivers, marking a major step toward commercial autonomous driving.
               Investor focus also turned to Tesla's 2026 product plans, which included a sub-$25,000 model and the first commercial use of its Cybercab.
               Further bolstering confidence, Deutsche Bank and RBC both raised their price targets on the stock.
>>> TARGET >>> After the initial pop the shares cooled down to $493.17, up 2.5% from previous close.
               Is now the time to buy Tesla?","After the initial pop the shares cooled down to $493.17, up 2.5% from previous close.",,,,,,
coref-141122355-15,"               Actual events or results could differ materially due to a number of risks and uncertainties, including those mentioned in our most recent filings with the SEC.
               During the question-and-answer portion of today's call, please limit yourself to one question and one follow-up.
               Before we jump into Q&A, Elon has some opening remarks.
               Elon Musk: Thank you.
               So, yes, it's been a great quarter.
>>> TARGET >>> We achieved record Q2 deliveries.
               Model Y, I believe it is now, I think it's the best-selling car of any kind in the world and is setting records across the board.",We achieved record Q2 deliveries.,We,<NAME> achieved record Q2 deliveries.,,,,
coref-139592998-23,"               It's the company's first model priced under $50,000.
               And the vehicle's SUV form factor arguably has more consumer demand than crossovers (which are smaller), according to recent data.
               Next month, R2 deliveries begin.
               And while it may take a few years to achieve peak sales volumes, this could be the start of the automaker's next major growth spurt.
               Image source: Getty Images R2 sales are the nearest-term growth catalyst for Rivian.
>>> TARGET >>> But there are also some other exciting long-term opportunities for the company.
               The biggest is likely the robotaxi market.",But there are also some other exciting long-term opportunities for the company.,the company,But there are also some other exciting long-term opportunities for <NAME>.,,,,
anaphora-139908240-64,"               Along with the earnings release, Tesla said that preparations for the first large-scale Optimus factory, which is at the Fremont plant, will begin in Q2; the quarter we're in right now.
               The first generation will be designed for 1 million robots per year.
               They're prepping Gigafactory Texas to be their second-generation robot manufacturing facility, and they're designing that for a capacity of 10 million per year.
               That's not surprising.
               But the one thing that did surprise me, and this is on the part of the business that no one talks about, but it is what makes Tesla money these days, is the ramp-up in Model 3 and Model Y production.
>>> TARGET >>> It was up 14% year-over-year in the first quarter despite that tax credit having been in place a year ago, and it's not there now.
               I would have thought that demand was dropping for those, but it doesn't seem to be the case.","It was up 14% year-over-year in the first quarter despite that tax credit having been in place a year ago, and it's not there now.",It,"<NAME> was up 14% year-over-year in the first quarter despite that tax credit having been in place a year ago, and it's not there now.",,,,
anaphora-136557736-10,"               Its market capitalization (or ""market cap"") was recently $1.1 trillion, reflecting the total value of all its shares.
               Judging by several valuation metrics, its shares are somewhat overvalued at recent levels: Metric Recent Five-year Average Price-to-sales ratio 12.90 11.20 Price-to-earnings (P/E) ratio 196.54 98.19 Forward P/E ratio 183.29 76.89 Source: Morningstar.com as of Aug. 22, 2025.
               Let's also look at its stock's growth rates: Period Average Annual Gain Last 3 years 2.57% Last 5 years 18.56% Last 10 years 35.46% Last 15 years 44.55% Source: Morningstar.com as of Aug. 22, 2025.
               Clearly, the stock's growth rate has been decelerating.
               We need to estimate where Tesla's value might be a decade hence, so let's assume an average annual growth rate of, say, 10%.
>>> TARGET >>> It reflects returns from the past few years instead of the ones further back.
               And it also considers that, given Tesla's overvaluation today, the stock might pull back within the next year or two, thereby depressing the average annual gain.",It reflects returns from the past few years instead of the ones further back.,It,<NAME> reflects returns from the past few years instead of the ones further back.,,,,
coref-141135779-3,"               Oops, something went wrong Benzinga and Yahoo Finance LLC may earn commission or revenue on some items through the links below.
               SpaceX disclosed that it bought $295 million of Tesla Inc.
               Megapack batteries during the second quarter, highlighting the circular flow of capital, hardware and equity across two of Elon Musk's biggest companies.
>>> TARGET >>> The rocket maker's quarterly filing showed Megapack purchases reached $329 million during the first half.
               SpaceX had already bought $506 million of the batteries and $131 million of Cybertrucks by the end of 2025.",The rocket maker's quarterly filing showed Megapack purchases reached $329 million during the first half.,The rocket maker's,<NAME> quarterly filing showed Megapack purchases reached $329 million during the first half.,,,,
anaphora-139247002-8,"               This marked a fifth straight month of year-over-year sales declines, according to a report from Electrek .
               To fight off the sales declines, BYD has launched a new 0% interest offer on three-year loans and has ""ultra-low"" interest rates on seven-year loans.
               The company has financing offers that put some of its vehicles at under $5 ($4.20) per day, or around $118 per month.
               The promotion was announced on Feb. 25 as an exclusive New Year’s offer and runs through March 31.
               Tesla posted its first-ever annual sales decline for the Chinese market in 2025.
>>> TARGET >>> While sales declined, the company saw demand pick up towards the end of the year, with wholesale sales up in December.
               Wholesale units of 97,171 were up 3.6% year-over-year and the second-best month for Tesla ever.","While sales declined, the company saw demand pick up towards the end of the year, with wholesale sales up in December.",the company,"While sales declined, <NAME> saw demand pick up towards the end of the year, with wholesale sales up in December.",,,,
anaphora-137278474-18,"               Tesla said that the increase was driven by higher selling, general and administration expenses, as well as AI and research and development costs.
               Stocks: Create your watchlist and portfolio Matt Britzman, senior equity analyst at Hargreaves Lansdown, said that the company's ""record research and development spend signals Tesla's intent to go all in on its next-gen products"".
               ""That investment-heavy approach may weigh on margins now, but it underpins the long-term innovation story,"" said Britzman, who holds shares in Tesla.
               ""Elon Musk's comments on 2026 and Robotaxi timelines were largely in line with prior guidance – progress will be incremental, which is sensible for a company under intense scrutiny.""
               Shares fell on the back of the results, with the stock trading just 9% in the green year-to-date.
>>> TARGET >>> Shares in Facebook-parent Meta ( META ) tumbled following the release of its third quarter results, as a one-time, tax-related charge weighed on the company's earnings.
               While revenue of $51.24bn for the quarter beat expectations of $49.6bn, EPS of $1.05 was well below forecasts of $6.72, according to Bloomberg consensus estimates.","Shares in Facebook-parent Meta ( META ) tumbled following the release of its third quarter results, as a one-time, tax-related charge weighed on the company's earnings.",the company,"Shares in Facebook-parent Meta ( META ) tumbled following the release of its third quarter results, as a one-time, tax-related charge weighed on <NAME> earnings.",,,,
anaphora-140456326-16,"               Tesla is currently working on the third generation of its robot, Optimus.
               CEO Musk now expects the reveal of this version to be closer to the start of manufacturing, toward the end of July or August.
               Musk described Optimus as a general-purpose robot that can learn how to perform a task by observing a demonstration, watching a video, or listening to instructions.
               If it is nearly as capable as the company expects -- and can be manufactured relatively cheaply at scale -- there could be a huge market for Optimus 3.
               Some corporations would likely replace part of their workforce with these robots, an option that might be more cost-effective.
>>> TARGET >>> It could also eventually make its way into the home once it becomes affordable enough.
               The shift would not happen overnight.",It could also eventually make its way into the home once it becomes affordable enough.,It,<NAME> could also eventually make its way into the home once it becomes affordable enough.,,,,
anaphora-137897202-10,"               This brought back attention to Elon Musk’s full self-driving and autonomy.
               With the stock struggling to break the $500 barrier in the last week’s trading, investors have started wondering whether it is a psychological resistance and therefore worth selling the stock in the short term.
               The arguments for buying or selling the stock are both valid.
               Tesla’s valuation is so high that it almost doesn’t make any sense.
               Yet the company is developing technology that could significantly alter the way we pursue work and live our lives.
>>> TARGET >>> It comes down to whether someone is investing in the short term or for the long run.
               The $500 level is behaving like a profit-taking level , so the bearish case remains strong.",It comes down to whether someone is investing in the short term or for the long run.,It,<NAME> comes down to whether someone is investing in the short term or for the long run.,,,,
anaphora-141046220-25,"               I think a lot of them stand out.
               Um outside of Tesla, which has uh an uber rich valuation, uh and Apple, which has really been bid up lately.
               I think they all look pretty interesting.
               They're all if you look at a forward earnings multiple, uh at the lower uh bottom of the range of historically.
               Um I would say meta really stands out.
>>> TARGET >>> It's trading at just 18 times forward earnings.
               Um I don't think we're going to get any results from their new meta compute, but they're pretty much entering the um uh cloud computing industry.",It's trading at just 18 times forward earnings.,It,<NAME> trading at just 18 times forward earnings.,,,,
anaphora-139570815-24,"               Tesla 's ( TSLA +3.80% )
               Optimus is a completely different kind of machine.
               CEO Elon Musk has described Optimus 3 as ""by far the most advanced robot in the world"" and confirmed production begins this summer, scaling to high volume by summer 2027.
               Tesla repurposed its entire Model S and Model X production line in Fremont to build a factory to produce 1 million Optimus units per year.
               Optimus is designed for labor: handling tasks in Tesla factories first, then eventually priced around $20,000 for broader deployment.
>>> TARGET >>> It will lift things.
               It will do manual labor.",It will lift things.,It,<NAME> will lift things.,,,,
coref-137591343-18,"               But Musk didn't stop at looks.
               He wanted the Cybertruck to offer ""unique functionality,"" including being bulletproof to subsonic projectiles.
               ""If the apocalypse happens, you're going to want a bulletproof truck,"" he said, only half-joking.
               Performance-wise, Musk claimed the Cybertruck can out-tow a diesel Ford F-350 and accelerate faster than a Porsche 911—even when towing the Porsche.
               ""It can clear a quarter mile while towing a Porsche 911 faster than a 911,"" he said.
>>> TARGET >>> Then came the metaphor no one saw coming: ""It's like an elephant that runs as a cheetah.""
               Trending: Bill Gates Invests Billions in Green Tech — This Tree-Free Material Could Be the Next Big Breakthrough","Then came the metaphor no one saw coming: ""It's like an elephant that runs as a cheetah.""",It,"Then came the metaphor no one saw coming: ""<NAME> like an elephant that runs as a cheetah.""",,,,
anaphora-141120277-33,"               Sentiment has been improving on the margin.
               The composite score sits at a neutral 50.53, but the 30-day trend change is +9.32.
               Options positioning leans bullish in the short term, with Tesla’s full-chain put/call ratio at 0.5.
               That is the kind of setup that draws leveraged-ETF traders in: a stock with a wide price cone and improving sentiment, where a 2x wrapper turns small daily moves into memorable ones.
               Direxion’s prospectus language on these products is blunt.
>>> TARGET >>> The firm warns that leverage magnifies any tracking differences and that under stressed conditions a leveraged fund may fail to hit its objective, cut its leverage, or close entirely.
               In an illustrative example the issuer uses for a 2x fund, a hypothetical 20% decline in the underlying over 10 trading days produced a 36.32% decline in the leveraged fund, less than a straight doubling because of the path.","The firm warns that leverage magnifies any tracking differences and that under stressed conditions a leveraged fund may fail to hit its objective, cut its leverage, or close entirely.",The firm,"<NAME> warns that leverage magnifies any tracking differences and that under stressed conditions a leveraged fund may fail to hit its objective, cut its leverage, or close entirely.",,,,
coref-139592411-1,"               Tesla ( TSLA +3.80% ) , which designs and manufactures electric vehicles and energy storage solutions, closed Tuesday at $371.75, up 4.64%.
>>> TARGET >>> The stock rose in regular trading as investors responded to a market rally, a favorable analyst report, and increased optimism about AI, robotics, and autonomous driving.
               These sectors are viewed as potential offsets to weaker short-term delivery trends.","The stock rose in regular trading as investors responded to a market rally, a favorable analyst report, and increased optimism about AI, robotics, and autonomous driving.",The stock,"<NAME> rose in regular trading as investors responded to a market rally, a favorable analyst report, and increased optimism about AI, robotics, and autonomous driving.",,,,
anaphora-138404414-17,"               Local competitors, such as Xiaomi, are offering more affordable EVs than Tesla.
               Recent research from analysts has shown that Chinese electric vehicle manufacturers pose the greatest competition to Tesla, thanks to their low-cost models and rapid updates.
               Xiaomi’s YU7 received more than 240,000 preorders within 24 hours of its June launch .
               Lei stated that the YU7’s design “is definitely on par with the Model Y” and highlighted its impressive performance considering its price.
               Xiaomi’s stock price ranges from $20.35 to $61.45.
>>> TARGET >>> The company has a market capitalization of 1.42 trillion Hong Kong dollars.
               The average daily trading volume is 142.88 million shares, and the price-to-earnings ratio stands at 35.01.",The company has a market capitalization of 1.42 trillion Hong Kong dollars.,The company,<NAME> has a market capitalization of 1.42 trillion Hong Kong dollars.,,,,
coref-140749915-52,"               Even if every one of those conditions lines up and a California small fleet does drive away with a Semi for something close to $50,000, the purchase price is only one line in the total cost of operating an electric Class 8 truck.
               This is where an owner-operator has to think past the headline.
               The Semi at launch is a day cab, not a sleeper.
               Its standard-range version is rated around 325 miles loaded and the long-range version around 500 miles.
               That profile, day cab plus regional range, means the truck is built for regional and hub-and-spoke work, drayage out of the ports, dedicated lanes that return to base, not for over-the-road long-haul where a driver lives in the truck for weeks.
>>> TARGET >>> For the operation it fits, it can fit very well.
               For long-haul, it is not the tool, regardless of price.","For the operation it fits, it can fit very well.",it,"For the operation <NAME> fits, it can fit very well.",,,,
anaphora-139544900-5,"               Oops, something went wrong Tesla Inc. (NASDAQ: TSLA ) is one of the tech stocks to sell right now, according to Cathie Wood .
               ARK Investment Management's Q3 2025 stake in Tesla Inc. (NASDAQ:TSLA) stood at 3.59 million shares worth $1.6 billion, but by Q4 it had pared back 19%, leaving 2.91 million shares valued at $1.31 billion.
               david-von-diemar-ZBWn5DvO0hg-unsplash On March 19, Reuters reported that Tesla Inc. (NASDAQ: TSLA) is in talks to acquire solar equipment worth $2.9 billion from Chinese firms.
               The company has already held discussions with a Chinese supplier as it looks to purchase equipment for manufacturing solar panels and cells.
               Reuters reports Tesla has contacted Suzhou Maxwell Technologies, the world's biggest producer of screen-printing equipment.
>>> TARGET >>> It is one of the leading suppliers of machinery used to make solar cells.
               The tech giant has also visited several solar companies in China as it seeks to secure crucial supplies before the autumn.",It is one of the leading suppliers of machinery used to make solar cells.,It,<NAME> is one of the leading suppliers of machinery used to make solar cells.,,,,
coref-137258402-35,"               Many analysts view this gap between deliveries and production as a sign of pulled-forward demand, with sales shifting from the fourth quarter to the third quarter due to the anticipation of the $7,500 federal tax credit expiring on Sept. 30.
               Hence, there remains a risk that sales will normalize or even drop in the subsequent quarters.
               Tesla saw global revenue jump 12% year over year to $28.09 billion in the third quarter.
               However, operating margin dropped by 501 basis points year over year to 5.8%, reflecting the impact of the company's strategy of repeatedly reducing vehicle prices to boost sales volumes.
               To offset the effect of price cuts on profitability, the company has trimmed some features and offers lower battery size, less powerful motors, and fewer premium features.
>>> TARGET >>> While these changes can help reduce costs, they also negatively affect the brand's premium image.
               Tesla's situation seems even more challenging in China.","While these changes can help reduce costs, they also negatively affect the brand's premium image.",the brand's,"While these changes can help reduce costs, they also negatively affect <NAME> premium image.",,,,
coref-141066276-28,"               With a Price to Book ratio of 13.57 , which is 3.07x the industry average, Tesla might be considered overvalued in terms of its book value, as it is trading at a higher multiple compared to its industry peers.
               The stock's relatively high Price to Sales ratio of 10.18 , surpassing the industry average by 4.26x , may indicate an aspect of overvaluation in terms of sales performance.
               With a Return on Equity (ROE) of 1.31% that is 2.66% below the industry average, it appears that the company exhibits potential inefficiency in utilizing equity to generate profits.
               The Earnings Before Interest, Taxes, Depreciation, and Amortization (EBITDA) of $3.03 Billion is 2.09x above the industry average, highlighting stronger profitability and robust cash flow generation.
               The company has higher gross profit of $4.75 Billion , which indicates 3.77x above the industry average, indicating stronger profitability and higher earnings from its core operations.
>>> TARGET >>> The company's revenue growth of 25.52% is notably higher compared to the industry average of -2.16% , showcasing exceptional sales performance and strong demand for its products or services.","The company's revenue growth of 25.52% is notably higher compared to the industry average of -2.16% , showcasing exceptional sales performance and strong demand for its products or services.",The company's,"<NAME> revenue growth of 25.52% is notably higher compared to the industry average of -2.16% , showcasing exceptional sales performance and strong demand for its products or services.",,,,
coref-137228481-5,"               Musk's threats to leave Tesla could dramatically impact his own net worth, which is tied to Tesla's stock If shareholders don't approve Elon Musk's eye-popping pay package, valued at nearly $1 trillion , the world's richest man could walk away from the company, warned Tesla $TSLA 's chairman of the board in a note to shareholders on Monday.
               And if that were to happen, warned Chair Robyn Denholm, it could be devastating to the company's stock.
               “Without Elon, Tesla could lose significant value, as our company may no longer be valued for what we aim to become,” Denholm wrote.
               It's the latest move in a high-stakes game of chicken over the unprecedented pay package.
               Musk has argued it's less about the money and more about him getting increased voting power as the company pivots from solely manufacturing electric vehicles to also building humanoid robots.
>>> TARGET >>> Last week, on an earnings call, Musk himself lobbied for the pay package and made a similar threat, saying “If we build this robot army, do I have at least a strong influence over that robot army?
               I don’t feel comfortable building that robot army if I don’t have at least a strong influence.”","Last week, on an earnings call, Musk himself lobbied for the pay package and made a similar threat, saying “If we build this robot army, do I have at least a strong influence over that robot army?",we,"Last week, on an earnings call, Musk himself lobbied for the pay package and made a similar threat, saying “If <NAME> build this robot army, do I have at least a strong influence over that robot army?",,,,
anaphora-136907452-7,"               Traditionally, investors viewed the auto industry as a highly competitive, mature, low-growth, and relatively low-margin sector, and accorded stocks in the industry the kind of low valuations that such stocks deserve.
               After all, having to develop new models every five to seven years and refresh them every few years is costly, as consumer preferences change and competitors introduce new models.
               Additionally, automakers strive to generate revenue from after-sales services, encompassing financing, parts, and maintenance.
               Image source: Getty Images.
               However, this traditional business model is challenged by EVs for the following reasons: As such, if EVs are the future, and an automaker wants to remain relevant to that future, then it must find a way to reduce the upfront costs of EVs.
>>> TARGET >>> It also needs to develop a way of generating recurring after-sales revenue.
               Tesla thinks it has the answer to both questions.",It also needs to develop a way of generating recurring after-sales revenue.,It,<NAME> also needs to develop a way of generating recurring after-sales revenue.,,,,
anaphora-138674128-3,"               Samsung has stabilized 3 nm production and is pushing forward with 2 nm.
               Industry analysts expect Samsung Foundry to return to profitability by 2027 as its new Taylor, Texas, plant ramps up operations, enabling the company to accelerate its pursuit of Taiwan Semiconductor, the Chosun Daily reported .
               Also Read: Not Just Taiwan Semiconductor: Elon Musk To Also Rely On Samsung For Tesla’s AI Chips Counterpoint Research forecasts that Samsung will increase its 2 nm production capacity by 163% — from 8,000 wafers per month in 2024 to 21,000 by the end of 2025 — as yields improve.
>>> TARGET >>> The firm said advancements in Samsung’s 2 nm process could become “a critical turning point” as the company secures more mobile, supercomputing, and AI customers.
               Samsung’s 2 nm yield rate has reportedly climbed to 55%–60%.","The firm said advancements in Samsung’s 2 nm process could become “a critical turning point” as the company secures more mobile, supercomputing, and AI customers.",The firm,"<NAME> said advancements in Samsung’s 2 nm process could become “a critical turning point” as the company secures more mobile, supercomputing, and AI customers.",,,,
coref-137247798-105,"               Tesla's operating margin has dropped in 10 of the last 11 quarters.
               I think that's a noteworthy trend at this point.
               When you think about, why would profit margins be going down?
               There is one thing that stood out here on the income statement.
               Through the first three quarters of the year, R&D spending is up 42% year over year for Tesla.
>>> TARGET >>> That is one expense that's rising in the call, they attributed at least some of it.
               It had to have been a significant portion of this R&D spend to the people who are working on AI.","That is one expense that's rising in the call, they attributed at least some of it.",they,"That is one expense that's rising in the call, <NAME> attributed at least some of it.",,,,
anaphora-136904018-2,"               Oops, something went wrong Tesla, Inc. (NASDAQ: TSLA ) is one of the best stocks to invest in right now .
               On September 23, Mizuho raised the firm's price target on Tesla, Inc. (NASDAQ:TSLA) to $450 from $375 while keeping an Outperform rating on the shares.
>>> TARGET >>> The firm told investors in a research note that it raised estimates in the autos space, reasoning that the US tariffs should have a minimal effect on new vehicle prices.
               It added that the US electric vehicle sales in August rose 17% year-over-year as consumers look to cash in before the Inflation Reduction Act credits end.","The firm told investors in a research note that it raised estimates in the autos space, reasoning that the US tariffs should have a minimal effect on new vehicle prices.",The firm,"<NAME> told investors in a research note that it raised estimates in the autos space, reasoning that the US tariffs should have a minimal effect on new vehicle prices.",,,,
anaphora-138507182-22,"               All rights reserved.
               To add Benzinga News as your preferred source on Google, click here .
               A newsletter built for market enthusiasts by market enthusiasts.
               Top stories, top movers, and trade ideas delivered to your inbox every weekday before and after the market closes.
               The T-Rex 2x Inverse Tesla Daily Target ETF (BATS: TSLZ ), which provides double inverse exposure to Tesla’s daily movements, has fallen about 40% over the last month.
>>> TARGET >>> Its drop arrives as Elon Musk ‘s electric car behemoth mounted one of its strongest rallies in recent memory, climbing almost 30% in the past month and achieving its best month overall since November 2004 and its strongest September ever.
               China sales were a resounding catalyst.","Its drop arrives as Elon Musk ‘s electric car behemoth mounted one of its strongest rallies in recent memory, climbing almost 30% in the past month and achieving its best month overall since November 2004 and its strongest September ever.",Its,"<NAME> drop arrives as Elon Musk ‘s electric car behemoth mounted one of its strongest rallies in recent memory, climbing almost 30% in the past month and achieving its best month overall since November 2004 and its strongest September ever.",,,,
coref-137649794-22,"               Although Tesla's stock is trading around its all-time closing high of $479.86, what really puts its valuation in perspective is its price-to-earnings (P/E) multiple .
               At over 300, its P/E multiple is gargantuan and is nowhere near the S&P 500 average of 26.
               It's one thing to pay a premium for an incredibly fast-growing business that looks to be on track to be much bigger in the future, but Tesla's revenue rose by just 12% last quarter, and its core automotive revenue was up by only 6%.
               Meanwhile, its net income of $1.4 billion was down a whopping 37% year over year.
               And with competition from Chinese auto makers on the rise, it may not get any easier for Tesla to grow its bottom line in the future.
>>> TARGET >>> While it wants to be a big player in artificial intelligence and eventually sell robots, today, its business still centers around electric vehicles.
               Whether its other ventures will pay off remains a big question mark, and it's risky to value the stock based on them.","While it wants to be a big player in artificial intelligence and eventually sell robots, today, its business still centers around electric vehicles.",it,"While <NAME> wants to be a big player in artificial intelligence and eventually sell robots, today, its business still centers around electric vehicles.",,,,
anaphora-141045119-36,"               Elon would later help create PayPal before leading Tesla and founding SpaceX, while Kimbal built his own career as an entrepreneur and restaurateur.
               See Also: If there was a new fund backed by Jeff Bezos offering a 7-9% target yield with monthly dividends would you invest in it?
               Most people don't want to sleep on a beanbag in an office, shower at the YMCA or survive on Jack in the Box while trying to build the next billion-dollar company.
               For investors, there's another way to participate in innovative businesses.
               One example is Miso Robotics , an AI and robotics company developing automation for commercial kitchens.
>>> TARGET >>> Its flagship product, Flippy, uses artificial intelligence and computer vision to automate repetitive cooking tasks, helping restaurants improve consistency, increase efficiency and address ongoing labor shortages.
               For investors, it offers an opportunity to back an emerging technology company before it reaches a larger stage.","Its flagship product, Flippy, uses artificial intelligence and computer vision to automate repetitive cooking tasks, helping restaurants improve consistency, increase efficiency and address ongoing labor shortages.",Its,"<NAME> flagship product, Flippy, uses artificial intelligence and computer vision to automate repetitive cooking tasks, helping restaurants improve consistency, increase efficiency and address ongoing labor shortages.",,,,
anaphora-140059716-1,"               Tesla's chart shows a stock caught between short‑term stabilization and longer‑term hesitation.
>>> TARGET >>> It sits in the middle of its 52‑week range, a sign that the market has not committed to a clear direction.
               Price is holding slightly above the 20‑day simple moving average, which suggests buyers have been willing to defend near‑term dips.","It sits in the middle of its 52‑week range, a sign that the market has not committed to a clear direction.",It,"<NAME> sits in the middle of its 52‑week range, a sign that the market has not committed to a clear direction.",,,,
anaphora-139197276-33,"               Compared to the Zacks Consensus Estimate of $25.14 billion, the reported revenues represent a surprise of -0.94%.
               The EPS surprise was +11.11%.
               Over the last four quarters, Tesla surpassed consensus EPS estimates two times.
               The company topped consensus revenue estimates two times over this period.
               Without considering a stock's valuation, no investment decision can be efficient.
>>> TARGET >>> In predicting a stock's future price performance, it's crucial to determine whether its current price correctly reflects the intrinsic value of the underlying business and the company's growth prospects.
               Comparing the current value of a company's valuation multiples, such as its price-to-earnings (P/E), price-to-sales (P/S), and price-to-cash flow (P/CF), to its own historical values helps ascertain whether its stock is fairly valued, overvalued, or undervalued, whereas comparing the company relative to its peers on these parameters gives a good sense of how reasonable its stock price is.","In predicting a stock's future price performance, it's crucial to determine whether its current price correctly reflects the intrinsic value of the underlying business and the company's growth prospects.",the company,"In predicting a stock's future price performance, it's crucial to determine whether its current price correctly reflects the intrinsic value of the underlying business and <NAME> growth prospects.",,,,
coref-139587333-11,"               For full-year 2025, earnings came in at $1.08 a share, down 47% from the prior year.
               Wall Street expects first-quarter deliveries of about 366,000 vehicles, which would be up from a year earlier but below the 418,227 cars Tesla delivered in the fourth quarter.
               Full-year deliveries fell 9% in 2025, while automotive revenue declined 10%.
               Tesla is also spending heavily on future projects, including autonomous driving, custom chips and humanoid robots.
               Capital spending topped $8.5 billion last year, and management expects further investment in 2026.
>>> TARGET >>> The company's supervised Full Self-Driving subscriptions rose to more than 1.1 million in the fourth quarter, while energy storage deployments reached a record 46.7 gigawatt-hours in 2025.
               Based on the one year price targets offered by 42 analysts, the average target price for Tesla Inc is $402.87 with a high estimate of $600.00 and a low estimate of $25.28.","The company's supervised Full Self-Driving subscriptions rose to more than 1.1 million in the fourth quarter, while energy storage deployments reached a record 46.7 gigawatt-hours in 2025.",The company's,"<NAME> supervised Full Self-Driving subscriptions rose to more than 1.1 million in the fourth quarter, while energy storage deployments reached a record 46.7 gigawatt-hours in 2025.",,,,
coref-139587333-16,"               The company's supervised Full Self-Driving subscriptions rose to more than 1.1 million in the fourth quarter, while energy storage deployments reached a record 46.7 gigawatt-hours in 2025.
               Based on the one year price targets offered by 42 analysts, the average target price for Tesla Inc is $402.87 with a high estimate of $600.00 and a low estimate of $25.28.
               The average target implies a upside of +13.40% from the current price of $355.28.
               Based on GuruFocus estimates, the estimated GF Value for Tesla Inc in one year is $280.63, suggesting a downside of -21.01% from the current price of $355.28.
               Gf value is gurufocus' estimate of the fair value that the stock should be traded at.
>>> TARGET >>> it is calculated based on the historical multiples the stock has traded at previously, as well as past business growth and the future estimates of the business' performance.
               for deeper insights, visit the forecast page.","it is calculated based on the historical multiples the stock has traded at previously, as well as past business growth and the future estimates of the business' performance.",it,"<NAME> is calculated based on the historical multiples the stock has traded at previously, as well as past business growth and the future estimates of the business' performance.",,,,
coref-138704179-18,"               Other automakers are also expanding their electric pickup offerings, potentially chipping away at Tesla's share.
               Rivian Automotive (NASDAQ: RIVN ) shipped 10,661 vehicles in the same period, though it doesn't separate truck sales from SUVs.
               Analysts expect these rivals to keep increasing competitive pressure on Tesla.
               Also looming is a convertible electric pickup that transforms into an SUV from Jeff Bezos -backed Slate Auto , which has already logged more than 100,000 reservations.
               Tesla doesn't follow traditional model-year cycles.
>>> TARGET >>> Instead, the company adds, removes or updates features whenever it chooses, often without advance notice.
               A rear-wheel-drive version — the Cybertruck Long Range — showed up partway through 2025, and as of now, Tesla hasn't announced any major updates for 2026.","Instead, the company adds, removes or updates features whenever it chooses, often without advance notice.",the company,"Instead, <NAME> adds, removes or updates features whenever it chooses, often without advance notice.",,,,
anaphora-136907450-64,"               So you know, really big, 50 to 100 times as big as what you'd find in a in a traditional RV
               and we can use that solar plus the battery to power all of your appliances on board.
               So if you're off grid, you can just keep camping for days and not worry about running out of power.
               We even use that same EV battery to power a motor on the trailer.
               So this this is this is something that makes a lightship a totally new class of of vehicle.
>>> TARGET >>> It is a self-propelling trailer.
               It acts a little bit like an e-bike in the sense that the motor on the trailer assists the truck that's pulling it.",It is a self-propelling trailer.,It,<NAME> is a self-propelling trailer.,,,,
coref-141122355-358,"               And then as Elon mentioned earlier, the growth rate has been literally exponential.
               Just it's in the early part of the exponential.
               That's why it's hard for others to comprehend.
               In terms of like miles versus the vehicles, since these vehicles operating in the robotaxi fleet drive basically continuously as opposed to human drivers who use vehicles for maybe a couple of hours a day or something like that, these vehicles are in mostly continuous operation, which means that even for a few vehicles, you can get a lot of miles out of them.
               And that's why we are tracking the amount of unsupervised miles over just the number of vehicles or something like that.
>>> TARGET >>> And we want to be operating in a very efficient fleet.
               So all of the work that goes into the efficiency makes it even more so that we get a lot of miles per vehicle available in the fleet.",And we want to be operating in a very efficient fleet.,we,And <NAME> want to be operating in a very efficient fleet.,,,,
coref-137878241-7,"               Tesla CEO Elon Musk addressed the incident on X, posting video footage and stating that ""Tesla Robotaxis were unaffected by the SF power outage.""
               Looking back, Tesla stock has tended to outperform in December , historically, finishing the month higher in seven of the past 10 years.
               Additional record highs may be in the cards, as today's peak comes amid low implied volatility (IV), which has been a bullish combination for TSLA in the past.
               According to data from Schaeffer's Senior Quantitative Analyst Rocky White, there have been two instances in the past five years when Tesla stock traded within 2% of its 52-week high, while its Schaeffer's Volatility Index (SVI) sat in the 20th percentile, or lower, of its annual range -- as is the case with the security's current SVI of 46%, which sits low in the 6th percentile of its annual range.
               In both prior cases, Tesla stock was higher a month later after both of these signals, averaging a large 17% return.
>>> TARGET >>> From its current perch, a move of similar magnitude would put the equity at $577.78.","From its current perch, a move of similar magnitude would put the equity at $577.78.",its,"From <NAME> current perch, a move of similar magnitude would put the equity at $577.78.",,,,
anaphora-141056844-33,"               The most notable move was another broad push into SpaceX (NASDAQ: SPCX ) , followed by sizable trades in Tesla Inc. (NASDAQ: TSLA ) , Nvidia Corp. (NASDAQ: NVDA ) , Amazon.com Inc. (NASDAQ: AMZN ) and Alphabet Inc. (NASDAQ: GOOGL ) .
               The transactions were made through ARK Innovation ETF (BATS: ARKK ) , ARK Autonomous Technology & Robotics ETF (BATS: ARKQ ) , ARK Next Generation Internet ETF (BATS: ARKW ) and ARK Space & Defense Innovation ETF (BATS: ARKX ) .
               Wood purchased 105,108 SpaceX shares worth $12.2 million, based on the stock’s closing price of $116.41.
               The timing of the purchase also came amid renewed debate over the company’s valuation.
               In a separate Benzinga piece, investor Gary Black argued that investors are misreading the math behind both Tesla and SpaceX, while Ross Gerber said the pullback could create a buying opportunity.
>>> TARGET >>> Ark’s move suggests the firm remains willing to add on weakness.
               SK Hynix reports record earnings, misses operating profit estimates as AI memory demand remains strong.",Ark’s move suggests the firm remains willing to add on weakness.,the firm,Ark’s move suggests <NAME> remains willing to add on weakness.,,,,
anaphora-139235358-12,"               He argues that Tesla is no longer just a carmaker, highlighting artificial intelligence (AI), autonomous driving and robotics as its next major growth drivers.
               But do these long-term bets offer a compelling case to hold the stock now?
               Tesla began its first robotaxi service in Austin in June 2025.
               The service now operates in Austin and the California Bay Area, with plans to expand to seven more cities in the first half of the year— Dallas, Houston, Phoenix, Miami, Orlando, Tampa and Las Vegas.
               Musk has said that, pending regulatory approval, fully autonomous Tesla vehicles could reach roughly a quarter to half of the U.S. population by the end of the year.
>>> TARGET >>> It's worth remembering that back in July 2025, he made a similar claim, suggesting autonomous ride-hailing could reach ""probably"" half the U.S. population by year-end—a target that ultimately slipped.
               Given that history, some skepticism is natural.","It's worth remembering that back in July 2025, he made a similar claim, suggesting autonomous ride-hailing could reach ""probably"" half the U.S. population by year-end—a target that ultimately slipped.",It,"<NAME> worth remembering that back in July 2025, he made a similar claim, suggesting autonomous ride-hailing could reach ""probably"" half the U.S. population by year-end—a target that ultimately slipped.",,,,
anaphora-140113423-12,"               However, there are a number of questions over factors implied in those assumptions: Terafab and Hardware 3 investment add to capital spending: Musk acknowledged on the earnings call that Hardware 3 models can't run unsupervised FSD.
               Meanwhile, Robotaxi and Optimus delays will negatively affect earnings and cash-flow generation: ""I don't know what the production rate of Optimus will be this year,"" Musk said.
               Image source: Tesla.
               As for Robotaxi, Musk said he hoped to have it rolled out in 12 states by the end of the year, a far cry from covering 50% of the U.S. population by the end of 2025, as was previously hoped.
               Musk also noted, ""It wouldn't be right for us to go to, like, very large-scale unsupervised FSD when we know that there are software improvements in the pipeline that would improve safety.""
>>> TARGET >>> All told, a formula of increased capital spending plus dampened Robotaxi expectations equals a net negative compared with where the company was before the report.
               However, there's still a strong case for the stock , and it's important to remember that growth stocks like Tesla aren't best assessed on the minutiae of quarter-to-quarter details.","All told, a formula of increased capital spending plus dampened Robotaxi expectations equals a net negative compared with where the company was before the report.",the company,"All told, a formula of increased capital spending plus dampened Robotaxi expectations equals a net negative compared with where <NAME> was before the report.",,,,
anaphora-136495983-26,"               Adjusted EPS dropped 23% last quarter, while operating cash flow fell 30% and free cash flow collapsed to just $146 million.
               Meanwhile, its high gross margin regulatory credit sales were cut by more than half during the quarter.
               Musk has already warned investors that things could get worse once the EV tax credit disappears later this year.
               Rather than focusing on improving its ailing auto business, Musk has instead continued to try to sell investors on Tesla's autonomous driving and robotics ambitions.
               The company has launched a small pilot robotaxi program in Austin, Texas, but the service is limited to a geofenced area and requires a Tesla employee as a safety driver.
>>> TARGET >>> It's also already drawn scrutiny from local officials after several safety incidents.
               Tesla is promising a rapid rollout of robotaxis across half the U.S. by year-end pending regulatory approvals, but the technology does not appear ready.",It's also already drawn scrutiny from local officials after several safety incidents.,It,<NAME> also already drawn scrutiny from local officials after several safety incidents.,,,,
anaphora-139897831-18,"               Tesla says it has ""preparations underway"" in Phoenix, Miami, Orlando, Tampa, and Las Vegas for its Robotaxi coverage.
               Investing in Tesla is banking on its autonomous and robotics ambitions because, strictly as a car manufacturer, you couldn't justify its valuation amid the struggles of its car business.
               It missed its vehicle delivery estimates in Q1, inventory is building, and it continues to lose market share to competitors like China's BYD and Volkswagen .
               And although Tesla is making some progress on Robotaxis, it's slow progress and still a ways away from being anything close to mainstream.
               There are regulatory hurdles, and we haven't reached the point where most people feel comfortable being driven by a driverless car.
>>> TARGET >>> It's going to be a tough sell in many places in the country for the foreseeable future.
               Tesla's stock is notorious for its volatility, so if you're investing, it should definitely be a long-term bet.",It's going to be a tough sell in many places in the country for the foreseeable future.,It,<NAME> going to be a tough sell in many places in the country for the foreseeable future.,,,,
anaphora-136536120-27,"               In July , some of Giroux's favorite stock picks were: UnitedHealth Group (NYSE: UNH ) Cigna (NYSE: CI )
               Becton Dickinson (NYSE: BDX ) Aurora Innovation (NASDAQ: AUR ) Cytokinetics Inc (NASDAQ: CYTK )
               NiSource Inc (NYSE: NI )
               CenterPoint Energy (NYSE: CNP ) Ameren Corporation (NYSE: AEE )
               The Aurora Innovation pick could be a good tradeoff for investors looking for exposure to the autonomous vehicle space outside of Tesla.
>>> TARGET >>> The company is a developer of autonomous trucks and Giroux sees more upside ahead.
               ""Asset utilization, especially on longer trips, could be twice that of a traditional truck.",The company is a developer of autonomous trucks and Giroux sees more upside ahead.,The company,<NAME> is a developer of autonomous trucks and Giroux sees more upside ahead.,,,,
anaphora-140445167-4,"               The company reported quarterly revenue of 13.03 billion Chinese yuan ($1.89 billion), down 17.6% year over year and below the analyst consensus estimate of $3.13 billion .
               Revenue declined 41.4% from the previous quarter.
               The Tesla Inc. (NASDAQ: TSLA ) rival delivered 62,682 vehicles during the quarter, down 33.3% from a year earlier.
               As of March 31, 2026, XPeng's physical sales network included 733 stores across 256 cities.
>>> TARGET >>> The company's self-operated charging network expanded to 3,455 stations, including 2,398 ultra-fast charging stations.
               Revenue from vehicle sales fell 23.5% year over year to 11 billion yuan ($1.59 billion), primarily due to lower vehicle deliveries.","The company's self-operated charging network expanded to 3,455 stations, including 2,398 ultra-fast charging stations.",The company,"<NAME> self-operated charging network expanded to 3,455 stations, including 2,398 ultra-fast charging stations.",,,,
anaphora-141054039-21,"               Each narrative ties a fair value range to a specific view of Tesla's potential catalysts and risks.
               This allows you to track over time which version of the story appears to be unfolding on the Community page.
               The Tesla community is split between those who see a future ""Physical AI"" platform and those who see a richly priced case study in market optimism.
               Bull case: 54% undervalued ""The real value lies in the ""Skill Store.""
               Whether it's a $50/month gardening module or a $500/month industrial welding license, the recurring revenue potential per unit is uncapped…"" Read the full Bull Case to see why Tesla could be undervalued Bear case: 925% overvalued ""The company's price-to-earnings ratio sits at around 330x.
>>> TARGET >>> It is worth pausing on what this implies.
               At current earnings levels, it would take approximately 330 years for earnings per share to cover the price paid for each share…"" Read the full Bear Case to see why Tesla could be overvalued Do you think there's more to the story for Tesla?",It is worth pausing on what this implies.,It,<NAME> is worth pausing on what this implies.,,,,
coref-138295573-8,"               Tesla deployed a record 46.7 gigawatt-hours of energy storage products in 2025, a 48% increase from last year, according to the company's official filings.
               Big, stationary batteries like the Megapack and Powerwall, along with solar installations, now drive nearly a quarter of Tesla's gross profit.
               Last quarter alone, the Megapack contributed $1.1 billion of the storage business' $3.8 billion in gross profit for the entire year.
               Storage and energy generation revenues were up 26.5% to $12.8 billion.
               Those batteries and solar panels are also very profitable, with a gross margin of 29.8%, nearly double what Tesla earns selling cars and trucks.
>>> TARGET >>> Storage will likely play a larger role in the company's near future, too.
               Large energy storage projects, like those installed for utilities or data centers, tend to be milestone-based, and revenue from the projects is recognized when certain milestones are achieved.","Storage will likely play a larger role in the company's near future, too.",the company's,"Storage will likely play a larger role in <NAME> near future, too.",,,,
coref-140748094-18,"               Here's why every growth investor should be taking a closer look at Rivian ( RIVN -0.69% ) .
               While Tesla's history is long and complex, the company's meteoric rise comes down to a few key moves.
               The company first launched the Roadster in 2008, cementing its status as a carmaker of quality (if not expensive) products.
               In 2017, Tesla launched the Model 3, followed by the Model Y a few years later.
               Today, those affordable models account for more than 90% of Tesla's auto sales.
>>> TARGET >>> Finally, in 2024, the company unveiled its Cybercab model, followed up by the launch of its robotaxi service in 2025.
               Rivian's growth strategy so far has followed many of the same key pillars.","Finally, in 2024, the company unveiled its Cybercab model, followed up by the launch of its robotaxi service in 2025.",the company,"Finally, in 2024, <NAME> unveiled its Cybercab model, followed up by the launch of its robotaxi service in 2025.",,,,
coref-136915583-3,"               Oops, something went wrong We recently published Analysts Are Talking About These 10 Stocks as AI Investments Continue to Grow .
               Tesla Inc (NASDAQ:TSLA) is one of the stocks analysts were recently talking about.
               CNBC 'Fast Money' trader Dan Nathan said in a recent program that he's turned bullish on Tesla Inc (NASDAQ:TSLA) despite overall weak sentiment and the company's auto business showing soft trends.
>>> TARGET >>> Here is why he thinks the stock can rally: ""The bulls and the bears agree that the EV business is bad.
               I think the consensus for Q3 deliveries is probably low.","Here is why he thinks the stock can rally: ""The bulls and the bears agree that the EV business is bad.",the stock,"Here is why he thinks <NAME> can rally: ""The bulls and the bears agree that the EV business is bad.",,,,
coref-140035348-18,"               In 2025, S&P Global also opined that Tesla’s robotaxis are likely to drive 45% of automotive sales by the end of the decade.
               In terms of numbers, Cybercab revenue could possibly reach $1 billion in 2026 and soar to $75 billion by 2030.
               If these estimates hold true, Cybercab will likely boost the top line and cash flows in the next few years.
               The volume production target for 2026 therefore holds significance from the perspective of TSLA stock upside.
               Headquartered in Austin, Texas, Tesla is a designer and manufacturer of electric vehicles (EVs) as well as energy generation and storage systems.
>>> TARGET >>> Currently, the company manufactures five different EV models — the Model 3, Model Y, Model S, Model X and the Cybertruck.
               Further, the company’s lithium-ion battery energy storage products include Powerwall and Megapack.","Currently, the company manufactures five different EV models — the Model 3, Model Y, Model S, Model X and the Cybertruck.",the company,"Currently, <NAME> manufactures five different EV models — the Model 3, Model Y, Model S, Model X and the Cybertruck.",,,,
coref-139915916-4,"               Upon a comprehensive analysis of Tesla, the following trends can be discerned:
               The debt-to-equity (D/E) ratio provides insights into the proportion of debt a company has in relation to its equity and asset value.
               Considering the debt-to-equity ratio in industry comparisons allows for a concise evaluation of a company's financial health and risk profile, aiding in informed decision-making.
               When evaluating Tesla alongside its top 4 peers in terms of the Debt-to-Equity ratio, the following insights arise: Tesla has a stronger financial position compared to its top 4 peers, as evidenced by its lower debt-to-equity ratio of 0.19 .
>>> TARGET >>> This suggests that the company has a more favorable balance between debt and equity, which can be perceived as a positive indicator by investors.
               For Tesla, the PE, PB, and PS ratios are all high compared to its peers in the Automobiles industry, indicating that the stock may be overvalued based on these metrics.","This suggests that the company has a more favorable balance between debt and equity, which can be perceived as a positive indicator by investors.",the company,"This suggests that <NAME> has a more favorable balance between debt and equity, which can be perceived as a positive indicator by investors.",,,,
coref-136855474-13,"               CEO Safra Catz projected the company's cloud infrastructure revenue would rise 14-fold from around $10 billion last financial year to $144 billion in the year ending May 2030 — a sum that's about 2.5 times Oracle's total revenue of $57 billion last financial year.
               Ellison's net worth has roughly quintupled within the past three years, as Oracle's shares have climbed from under $70 to $328 at Monday's close.
               Take a smarter break in your day - and see how far you get.
               The billionaire, who lives on a Hawaiian island , also bought about 1.6% of Tesla before joining the board of Musk's EV maker in December 2018.
               The holding is worth over $20 billion today if he still has it.
>>> TARGET >>> He stepped down in 2022 and no longer has to disclose his stake.
               Jump to Every time publishes a story, you’ll get an alert straight to your inbox!",He stepped down in 2022 and no longer has to disclose his stake.,,,,,,
anaphora-138290123-8,"               Microsoft 's slide deepened Thursday, with shares falling over 10% after its earnings report spooked investors with higher-than-anticipated capital spending and a slowdown in quarterly cloud sales growth.
               That took some of the wind out of Meta's ( META ) earnings performance.
               Shares gained over 10% thanks to a surprisingly strong quarterly revenue outlook .
               And the company said it plans to spend up to $135 billion on its data center build-out this year, a boost to its push to win the AI race.
               Meanwhile, Tesla ( TSLA ) flipped to a loss, shedding over 3% as the company focused on a strategy shift from EVs to robots and a quarterly earnings beat .
>>> TARGET >>> But the company also saw its first-ever decline in annual revenue.
               Investors are now gearing up for Apple's ( AAPL ) quarterly earnings, due after the closing bell.",But the company also saw its first-ever decline in annual revenue.,the company,But <NAME> also saw its first-ever decline in annual revenue.,,,,
anaphora-141129157-13,"               Nothing has become official, though.
               Tesla could still continue using ByteDance's Doubao , which already powers Chinese Model 3 and Model Y vehicles.
               Even so, reports like these keep Alibaba firmly on investors' radar.
               So, let us see what’s next for the company.
               Headquartered in Hangzhou, China, Alibaba has built one of the world's largest technology ecosystems.
>>> TARGET >>> The company has its hands in e-commerce, cloud computing, logistics, digital media, mapping, healthcare, local services and several other technology-driven businesses.
               With a market cap of $309.2 billion , its platforms connect millions of merchants and brands with consumers across China and international markets through Taobao, Tmall, AliExpress, Lazada and Alibaba Cloud.","The company has its hands in e-commerce, cloud computing, logistics, digital media, mapping, healthcare, local services and several other technology-driven businesses.",The company,"<NAME> has its hands in e-commerce, cloud computing, logistics, digital media, mapping, healthcare, local services and several other technology-driven businesses.",,,,
anaphora-141121165-15,"               On Tesla's July 22 earnings call, Musk pointed to ""more and more overlap"" between the two companies he controls, stopping short of confirming a deal and deferring to a formal process.
               The speculation builds on his earlier folding of xAI into SpaceX, and analysts at J.P. Morgan have called a Tesla-SpaceX combination ""strategically coherent.""
               The Wall Street Journal reported Tesla executives were told to prepare to separate the China business ahead of a possible merger.
               For now, it remains a much-discussed possibility, not an announced transaction.
               Rocket Lab is earlier in its story, and that is the appeal.
>>> TARGET >>> It already launches small rockets and earns real revenue by building satellites and components.
               Its larger Neutron rocket is coming, and it is steadily assembling an end-to-end space company, edging toward a smaller version of SpaceX. Because it is far smaller than Tesla, a decade of execution could compound from a low base into something many times its current size.",It already launches small rockets and earns real revenue by building satellites and components.,It,<NAME> already launches small rockets and earns real revenue by building satellites and components.,,,,
anaphora-137268655-14,"               The company was recently valued around $500 billion in an employee share sale, suggesting strong private market appetite for exposure to its next growth phase.
               Investors could view a public listing as the natural evolution of a company that has rapidly become the face of the global AI boom, much as Tesla ( NASDAQ:TSLA ) once was for electric vehicles.
               Still, OpenAI's capital intensity is staggering.
               CEO Sam Altman said this week the firm plans to spend roughly $1.4 trillion on AI infrastructurean eye-popping number that underscores both the scale of ambition and the limits of private financing.
               While OpenAI continues to seek funding through new rounds and debt, Altman has hinted that an IPO may be the most viable way to secure the next wave of capital.
>>> TARGET >>> Reuters reported the company has floated raising at least $60 billion through the listing, a figure that could cement OpenAI as the defining AI pure play for the next generation of investors.","Reuters reported the company has floated raising at least $60 billion through the listing, a figure that could cement OpenAI as the defining AI pure play for the next generation of investors.",the company,"Reuters reported <NAME> has floated raising at least $60 billion through the listing, a figure that could cement OpenAI as the defining AI pure play for the next generation of investors.",,,,
coref-136907449-21,"               After its first Model 3 deliveries in the second half of 2017, Tesla scaled to approximately 368,000 deliveries in 2019 (up from just 76,000 in 2016) and then nearly 500,000 in 2020 as Model 3 volumes ramped and the 2020-launched similarly priced Model Y came into play as well, laying the foundation for the company's 1.8 million deliveries in 2023.
               That history illustrates how a lower entry price can unlock latent demand.
               This new vehicle probably won't drive a Model 3-like step change by itself, but it could strengthen two important vectors.
               The first, of course, is affordability.
               A credible Tesla, under the current Model 3 and Y price points, addresses a widening gap in the electric vehicle market as interest rates make affordability more challenging.
>>> TARGET >>> The second way this new, more affordable vehicle can help unlock more demand is with autonomy.
               Tesla continues to frame its future in terms of AI, software, and fleet-based profits -- and recent steps toward an autonomous ride-sharing service suggest the next wave of vehicles will be built with self-driving in mind from day one.","The second way this new, more affordable vehicle can help unlock more demand is with autonomy.",,,,,,
anaphora-140771169-9,"               It also gives those owners a reason to subscribe to Tesla’s $99-per-month FSD service, which represents a growing revenue stream for the company.
               The rally on June 29 also coincided with rising expectations ahead of Tesla’s second-quarter delivery report.
               Morgan Stanley raised its Q2 delivery estimate to 413,000 vehicles, above the Wall Street consensus, citing recovering sales in Europe and China.
               Investors tracking the broader Elon Musk investment picture have also watched how sentiment shifts between Tesla and SpaceX since its June IPO .
               FSD is Tesla’s driver-assistance system.
>>> TARGET >>> It handles much of the driving, lane changes, traffic lights, and parking, but still requires the driver to stay alert and in control at all times.
               The v14 Lite update targets cars built with Tesla’s older Hardware 3 (HW3) chip, sold from around 2019 onward.","It handles much of the driving, lane changes, traffic lights, and parking, but still requires the driver to stay alert and in control at all times.",It,"<NAME> handles much of the driving, lane changes, traffic lights, and parking, but still requires the driver to stay alert and in control at all times.",,,,
coref-140112595-25,"               But I think it's totally possible that a more pessimistic outcome becomes reality.
               Despite its best efforts, Tesla's robotaxi service is running only in Austin, Dallas, and Houston.
               Alphabet 's Waymo, which is now completing 500,000 trips per week, is running laps around Tesla.
               Optimus could also face delays, as Tesla has in the past, if the company fails to meet Musk's optimistic timelines.
               In 2036, there's a chance this company will look much like it does today.
>>> TARGET >>> This means it'll be a mass market EV stock with an energy segment attached.
               The bulls want to avoid this scenario, as the shares could perform poorly.",This means it'll be a mass market EV stock with an energy segment attached.,it,This means <NAME>'ll be a mass market EV stock with an energy segment attached.,,,,
coref-138704179-2,"               Taking to X , formerly Twitter, Dorsey said that the Cybertruck is ""the best robot out there,"" framing Tesla's angular electric pickup as more machine than car.
               Sharing his post on X, Tesla CEO Elon Musk replied, saying, “Thanks.”
>>> TARGET >>> This isn’t the first time Dorsey has praised Cybertruck.
               Earlier in 2019, he also took to social media and called the truck “incredible.”",This isn’t the first time Dorsey has praised Cybertruck.,,,,,,
coref-140735748-27,"               Additionally, the company sells batteries for stationary storage for residential and commercial properties, including utilities, solar panels, and solar roofs for energy generation.
               Tesla also owns a fast-charging network and a US auto insurance business.
               The Price to Earnings ratio of 344.15 for this company is 13.55x above the industry average, indicating a premium valuation associated with the stock.
               It could be trading at a premium in relation to its book value, as indicated by its Price to Book ratio of 16.75 which exceeds the industry average by 4.13x .
               The Price to Sales ratio of 13.54 , which is 6.15x the industry average, suggests the stock could potentially be overvalued in relation to its sales performance compared to its peers.
>>> TARGET >>> The company has a lower Return on Equity (ROE) of 0.57% , which is 3.28% below the industry average.
               This indicates potential inefficiency in utilizing equity to generate profits, which could be attributed to various factors.","The company has a lower Return on Equity (ROE) of 0.57% , which is 3.28% below the industry average.",The company,"<NAME> has a lower Return on Equity (ROE) of 0.57% , which is 3.28% below the industry average.",,,,
coref-141065332-1,"               It's been a rough year so far for Tesla ( TSLA +3.80% ) , and it got worse after it reported its second-quarter earnings on July 22.
>>> TARGET >>> Although the company had record Q2 vehicle deliveries, produced record revenue, and achieved $100 billion in revenue over the past 12 months, its stock tanked after reporting earnings.
               On the surface, there were a handful of encouraging things about Tesla's earnings, but the reason for its slump comes down to the $25 billion in capital expenditures (capex) the company is planning for this year.","Although the company had record Q2 vehicle deliveries, produced record revenue, and achieved $100 billion in revenue over the past 12 months, its stock tanked after reporting earnings.",the company,"Although <NAME> had record Q2 vehicle deliveries, produced record revenue, and achieved $100 billion in revenue over the past 12 months, its stock tanked after reporting earnings.",,,,
anaphora-138299999-144,"               Travis Hoium: When we come back, we're going to talk about the changes at Tesla and FSD.
               You're listening to Motley Fool Money.
               It can teach you how to fry an egg and even write a poem.
               But it knows nothing about your work.
               Slackbot is different.
>>> TARGET >>> It doesn't just know the facts.
               It knows your schedule.",It doesn't just know the facts.,It,<NAME> doesn't just know the facts.,,,,
anaphora-138307221-15,"               This has been something that has been coming for arguably a decade or so from Tesla .
               Lou, is this a watershed moment for Tesla or just ho hum, given that it's coming in 2026 and Waymo is operating with fully driverless vehicles?
               Zoox has vehicles that don't even have a front seat or a steering wheel.
               Is this huge news or is this just the way that things are going for everybody?
               Lou Whiteman: I think it's a step in the process.
>>> TARGET >>> It's not a watershed moment, but it's not insignificant.
               I don't think it really matters who gets there first if you get there.","It's not a watershed moment, but it's not insignificant.",It,"<NAME> not a watershed moment, but it's not insignificant.",,,,
anaphora-138307221-85,"               They weren't able to offer those deals.
               I don't think Lemonade did it better.
               Lou Whiteman: Tesla reportedly was losing a lot of money on their insurance offering too, which I think is interesting.
               I mean, Teslas are expensive to insure, in part because of their supply chain model.
               Look, for now, full self driving is engaged primarily in the most straightforward, easy parts to drive, which would suggest the least likely to have accidents.
>>> TARGET >>> It's when things get hairy, is when full self driving has to hand it off to humans.
               It's probably a pretty good bet to make, but I think it is a bet.","It's when things get hairy, is when full self driving has to hand it off to humans.",It,"<NAME> when things get hairy, is when full self driving has to hand it off to humans.",,,,
coref-139589567-2,"               Oops, something went wrong This article first appeared on GuruFocus .
               Tesla ( NASDAQ:TSLA ) stock rose about 2% in Tuesday trading, tracking a broader market advance as investors weighed prospects for an easing of military tensions with Iran.
>>> TARGET >>> The gain added to recent momentum for the electric vehicle maker, whose shares have drawn increasing attention from investors focused on artificial intelligence and autonomous driving initiatives.
               GuruFocus has detected 6 Warning Signs with TSLA.","The gain added to recent momentum for the electric vehicle maker, whose shares have drawn increasing attention from investors focused on artificial intelligence and autonomous driving initiatives.",,,,,,
anaphora-139896705-14,"               But here's the thing: Tesla revealed better news on its EV business, while delivering some negative news on its robotaxi and other initiatives.
               While the first-quarter EV deliveries data were underwhelming and missed Wall Street estimates, CFO Vaibhav Taneja said: ""[W]e have seen a resurgence in demand in EMEA and certain countries like France and Germany showing over 150% quarter-over-quarter growth in deliveries,"" and ""in the U.S., we have seen a slight growth in terms of quarter-over-quarter deliveries.""
               He then argued that Tesla had the highest order backlog in Q1 in more than two years, with rising gasoline prices positively affecting it.
               Meanwhile, FSD subscriptions reported a 16.4% sequential increase and a 51% year-over-year increase, and churn declined as drivers increasingly see the benefits of autonomy.
               On the second-quarter 2025 earnings call, CEO Elon Musk famously told investors that robotaxis would probably be available to half the U.S. population by the end of the year, and unsupervised FSD would be available for ""personal use by the end of this year in certain geographies.""
>>> TARGET >>> It's April 2026, and at the time of writing, there are 13 unsupervised robotaxis in Austin and two apiece in Dallas and Houston.
               Meanwhile, Tesla is taking a more cautious approach to the rollout, with Musk now aiming to have robotaxis operating in a ""dozen or so"" states in 2026, and ""guessing"" that unsupervised FSD will probably be available in certain geographies in the fourth quarter.","It's April 2026, and at the time of writing, there are 13 unsupervised robotaxis in Austin and two apiece in Dallas and Houston.",It,"<NAME> April 2026, and at the time of writing, there are 13 unsupervised robotaxis in Austin and two apiece in Dallas and Houston.",,,,
anaphora-138313506-18,"               On Thursday, Microsoft's ( MSFT ) shares slumped 11% despite a modest earnings beat , as investors grew impatient for returns on the company's huge AI spending.
               Meta ( META ), on the other hand, surged by more than 7% as it doubled down on plans to spend millions on AI data centres.
               Apple's ( AAPL ) closely watched first quarter results revealed that the company had beaten estimates on the back of strong iPhone sales.
               CEO Tim Cook warned shareholders not to get too comfortable, though, as the global memory crunch is set to weigh on the company's margins.
               Elon Musk managed to temporarily divert attention away from the carnage at X , and towards his plans for Tesla ( TSLA ).
>>> TARGET >>> Shares at the EV maker rose after it revealed it would stop producing its X and S models, enabling it to ramp up production in its robotics division.
               Closer to home, there were highs and lows in the banking sector as Lloyds announced a £1.75bn buyback after beating expectations and Santander revealed plans to close 44 branches.","Shares at the EV maker rose after it revealed it would stop producing its X and S models, enabling it to ramp up production in its robotics division.",the EV maker,"Shares at <NAME> rose after it revealed it would stop producing its X and S models, enabling it to ramp up production in its robotics division.",,,,
anaphora-139905743-4,"               Oops, something went wrong This article first appeared on GuruFocus .
               Tesla ( TSLA , Financials ) Chief Executive Elon Musk is ready to roll out X Money , a payments and banking service on the X platform, as part of his vision for a everything app.
               The system is intended to include peer-to-peer transfers, a debit card and savings capabilities, with early users testing tools to conduct routine financial activities within the app.
               The move is part of Musk's bigger vision for X to become more than a social media site, expanding into commerce and financial services, akin to multi-use platforms in Asia.
>>> TARGET >>> It might create new revenue streams and boost user engagement.
               But the rollout faces regulatory hurdles.",It might create new revenue streams and boost user engagement.,It,<NAME> might create new revenue streams and boost user engagement.,,,,
coref-137228483-17,"               Other automakers, including Ford and General Motors, also logged record EV sales from this incentive-driven spike.
               The quarter offered Tesla a temporary breather after sales volumes fell for the first two quarters of the year.
               Demand has been challenged by a maturing lineup, intensifying competition and reduced pricing power.
               While management highlighted strong operational momentum going forward without providing any specific delivery guidance, it also admitted that margins would remain under pressure from price cuts and higher costs.
               One bright spot continues to be Tesla's Energy Storage segment.
>>> TARGET >>> The company posted record deployments across residential, industrial and utility markets, fueled by strong demand for its Megapack and Powerwall products.
               This division is now Tesla's most profitable, with the highest margins among its businesses.","The company posted record deployments across residential, industrial and utility markets, fueled by strong demand for its Megapack and Powerwall products.",The company,"<NAME> posted record deployments across residential, industrial and utility markets, fueled by strong demand for its Megapack and Powerwall products.",,,,
coref-136888227-2,"               Tesla ( TSLA +3.80% ) stock has been on a big run, but it lost some steam today.
               Shares of the electric vehicle (EV) maker slid as much as 5.4% in Thursday trading.
>>> TARGET >>> The stock closed the session lower by 4.3%.
               While the company has been focusing more of its message toward artificial intelligence (AI) and robotics opportunities, investors seem to still be concerned about slowing EV sales.",The stock closed the session lower by 4.3%.,The stock,<NAME> closed the session lower by 4.3%.,,,,
coref-138452374-7,"               The S&P 500 also fell, dropping, 0.01% to 6,978.03.
               Check This Out: How To Earn $500 A Month From Goldman Sachs Stock Ahead Of Q4 Earnings Leading and Lagging Sectors Communication services shares gained by 2.5% on Thursday.
               In trading on Thursday, information technology stocks fell by 1.7%.
               Top Headline On Wednesday, Tesla Inc. (NASDAQ: TSLA ) posted better-than-expected results for the fourth quarter and announced plans to invest approximately $2 billion into CEO Elon Musk's artificial intelligence startup, xAI.
               Tesla said preparations are underway in North America for production ramps of Tesla Semi and CyberCab, both set to commence in the first half of 2026.
>>> TARGET >>> The company also plans to unveil the Gen 3 version of Optimus in the first quarter of this year.
               Equities Trading DOWN",The company also plans to unveil the Gen 3 version of Optimus in the first quarter of this year.,The company,<NAME> also plans to unveil the Gen 3 version of Optimus in the first quarter of this year.,,,,
anaphora-141134036-13,"               ""LOFF gave them a way to express the bull case on SpaceX. LOFD adds the bear side, and a way to hedge, arriving as the stock heads into a stretch of closely watched catalysts.
               Across Tesla and SpaceX, Direxion offers a complete bull and bear single-stock lineup and, by assets, is the largest provider of that exposure.""
               About Direxion: Direxion equips investors driven by conviction with ETF solutions built for purpose and fine-tuned for precision.
               These solutions serve a broad spectrum of investors, whether executing short-term tactical trades or building longer-term portfolio allocations.
               Direxion's reputation is founded on developing products that precisely express market perspectives and allow investors to manage their risk exposure.
>>> TARGET >>> Founded in 1997, the company has approximately $85.4 billion in assets under management as of June 30, 2026.
               For more information, please visit www.direxion.com.","Founded in 1997, the company has approximately $85.4 billion in assets under management as of June 30, 2026.",the company,"Founded in 1997, <NAME> has approximately $85.4 billion in assets under management as of June 30, 2026.",,,,
coref-141122355-200,"               Around the end of last year, we had the first fully unsupervised robotaxis in Austin.
               Since the beginning of this year, we have grown at double-digit growth rates to the number of unsupervised miles that the fleet drives every week.
               I repeat, we have grown at such a high compounding rate on a week-over-week basis over the last several months.
               Not only that, we expect to continue growing at such a large rate through the rest of this year.
               The other thing to note is that for expanding to new cities, it has been relatively less effort on our front.
>>> TARGET >>> We expect that the time to launch to a new city will continue to trend towards zero towards an end where we operate in the entire states as a whole instead of going by a city by city.
               Such growth was only possible because we have a world-class engineering team on the frontier AI development here at Tesla.",We expect that the time to launch to a new city will continue to trend towards zero towards an end where we operate in the entire states as a whole instead of going by a city by city.,We,<NAME> expect that the time to launch to a new city will continue to trend towards zero towards an end where we operate in the entire states as a whole instead of going by a city by city.,,,,
coref-136478886-32,"               Currently, Tesla has a average Growth Score of C, a score with the same score on the momentum front.
               Charting a somewhat similar path, the stock was allocated a score of D on the value side, putting it in the bottom 40% for value investors.
               Overall, the stock has an aggregate VGM Score of D. If you aren't focused on one strategy, this score is the one you should be interested in.
               Estimates have been broadly trending downward for the stock, and the magnitude of these revisions indicates a downward shift.
               It's no surprise Tesla has a Zacks Rank #4 (Sell).
>>> TARGET >>> We expect a below average return from the stock in the next few months.
               Tesla belongs to the Zacks Automotive - Domestic industry.",We expect a below average return from the stock in the next few months.,the stock,We expect a below average return from <NAME> in the next few months.,,,,
anaphora-137591345-9,"               Those comments appear to be lifting the EV maker stock, although we already knew that they built their chips.
               It maybe is just that this is a new generation of chip.
               Tesla's chip expertise would be monetized through self-driving cars and humanoid robots, which Musk has touted as part of the company's future.
               Those shares bouncing by 2% this morning.
               Next up is Novo Nordisk.
>>> TARGET >>> It's closely watched Alzheimer's drug trial did not show a significant reduction in the disease.
               Shares taking a hit on the back of that data which used an older oral version of its semiglutide drug to try to stem the progression of Alzheimer's.",It's closely watched Alzheimer's drug trial did not show a significant reduction in the disease.,It,<NAME> closely watched Alzheimer's drug trial did not show a significant reduction in the disease.,,,,
anaphora-137266452-12,"               Did not realise the Cybertruck was a kindergarten art project,"" she wrote.
               Tesla told the US National Highway Traffic Safety Administration (NHTSA) it had received one report of the issue, and 619 warranty claims related to it.
               ""Tesla is not aware of any collisions, fatalities or injuries that are or may be related to the condition,"" the NHTSA said.
               It said the company was voluntarily recalling the trucks.
               The company said it would retrofit Cybertrucks with a physical fastener, rather than relying solely on adhesive.
>>> TARGET >>> It is not the first issue involving glued-on parts falling off Cybertrucks.
               Tesla briefly suspended sales earlier this year and then issued a recall after the metal panels affixed to the truck were found to be falling off.",It is not the first issue involving glued-on parts falling off Cybertrucks.,It,<NAME> is not the first issue involving glued-on parts falling off Cybertrucks.,,,,
anaphora-138442818-22,"               For TSLA (NASDAQ: TSLA ), we notice a put option trade that happens to be bullish , expiring in 4 day(s) on October 3, 2025 .
               This event was a transfer of 65 contract(s) at a $442.50 strike.
               The total cost received by the writing party (or parties) was $79.1K , with a price of $1218.0 per contract.
               There were 922 open contracts at this strike prior to today, and today 18200 contract(s) were bought and sold.
               Regarding ETSY (NASDAQ: ETSY ), we observe a call option sweep with bullish sentiment.
>>> TARGET >>> It expires in 4 day(s) on October 3, 2025 .
               Parties traded 100 contract(s) at a $70.00 strike.","It expires in 4 day(s) on October 3, 2025 .",It,"<NAME> expires in 4 day(s) on October 3, 2025 .",,,,
anaphora-139577822-25,"               This says a lot about Tesla: The company sees a future beyond its EV business that remains, by far, its biggest source of revenue.
               Tesla is looking to usher in a technological revolution.
               Manufacturing robots with uncanny human likeness that can learn and perform tasks -- in the home and in the office -- by watching people do them or by watching videos could be a game changer.
               That means cheaper labor (provided Tesla can produce the robots at scale cost-effectively), less time spent by human workers on routine, repetitive tasks, and more time spent on more complex tasks, including innovative and creative activities.
               As Tesla's CEO, Elon Musk, said: I think long-term Optimus will have a very significant impact on the US GDP.
>>> TARGET >>> It will actually move the needle on US GDP significantly.
               Now, Musk tends to get ahead of himself sometimes, so perhaps we can't take his word for it.",It will actually move the needle on US GDP significantly.,It,<NAME> will actually move the needle on US GDP significantly.,,,,
coref-140729332-12,"               This is particularly true of Tesla's full self-driving (FSD) and Robotaxi plans .
               ""I think probably unsupervised FSD or Robotaxi revenue will not be super material this year, but I do think it'll be material probably in a significant way next year,"" he mentioned on the most recent earnings call.
               It's anyone's guess what a material effect translates to in a quantitative sense.
               As of March 31, Tesla counted 1.28 million FSD (supervised) subscriptions.
               Assuming all of these subscribers pay $99 per month for the service -- which isn't the case, as some paid a one-time fee upfront -- it brings in annual revenue of $1.5 billion, which is tiny.
>>> TARGET >>> The company's Robotaxi fleet was completing unsupervised rides in Austin, Dallas, and Houston in April.
               Its revenue is probably negligible at this point.","The company's Robotaxi fleet was completing unsupervised rides in Austin, Dallas, and Houston in April.",The company's,"<NAME> Robotaxi fleet was completing unsupervised rides in Austin, Dallas, and Houston in April.",,,,
anaphora-141042481-10,"               Zelestra anticipates starting construction at Lumen Farm, located in northeast Texas, by 2027, with full operations anticipated by 2029.
               Phil North, Zelestra's US CEO, said: ""As a trusted global partner, we can deliver bespoke solutions for clients in multiple geographies.
               As such, we are excited to expand our relationship with Tesla to the US.
               We aim to deliver the project and bring the new solar plant online as quickly as possible to support Tesla's growing energy needs in Texas.""
               Zelestra is advancing its position in the US energy landscape with innovative, multi-technology solutions tailored to the evolving needs of hyperscalers, corporate partners, and other customers.
>>> TARGET >>> The company is developing a robust portfolio of more than 16 GW of renewable energy projects across key markets.
               About Zelestra Zelestra is a vertically integrated company specializing in the development, commercialization, construction and operation of large-scale renewable energy projects.",The company is developing a robust portfolio of more than 16 GW of renewable energy projects across key markets.,The company,<NAME> is developing a robust portfolio of more than 16 GW of renewable energy projects across key markets.,,,,
anaphora-140737929-3,"               Oops, something went wrong This article first appeared on GuruFocus .
               Lingyi iTech Guangdong rose in its Hong Kong debut after the Apple ( NASDAQ:AAPL ) and Tesla ( NASDAQ:TSLA ) supplier raised HK$8.3 billion, or $1.06 billion, in a share sale.
               The stock climbed as much as 15.9% to HK$11.80 from its HK$10.18 listing price before paring gains, giving the company a market value of more than $19 billion.
>>> TARGET >>> Its Shenzhen-listed shares moved the other way, falling as much as 7.6% to 16.53 yuan.
               GuruFocus has detected 4 Warning Signs with PLTR.","Its Shenzhen-listed shares moved the other way, falling as much as 7.6% to 16.53 yuan.",Its,"<NAME> Shenzhen-listed shares moved the other way, falling as much as 7.6% to 16.53 yuan.",,,,
anaphora-136904018-3,"               Oops, something went wrong Tesla, Inc. (NASDAQ: TSLA ) is one of the best stocks to invest in right now .
               On September 23, Mizuho raised the firm's price target on Tesla, Inc. (NASDAQ:TSLA) to $450 from $375 while keeping an Outperform rating on the shares.
               The firm told investors in a research note that it raised estimates in the autos space, reasoning that the US tariffs should have a minimal effect on new vehicle prices.
>>> TARGET >>> It added that the US electric vehicle sales in August rose 17% year-over-year as consumers look to cash in before the Inflation Reduction Act credits end.
               Tesla, Inc. (NASDAQ:TSLA) designs, manufactures, and sells high-performance electric vehicles and energy generation and storage systems.",It added that the US electric vehicle sales in August rose 17% year-over-year as consumers look to cash in before the Inflation Reduction Act credits end.,It,<NAME> added that the US electric vehicle sales in August rose 17% year-over-year as consumers look to cash in before the Inflation Reduction Act credits end.,,,,
coref-138307221-169,"               I think it was about half their portfolio was Apple and actually, we got some interesting news from Apple.
               Reports from Apple this week.
               We obviously know that Gemini is going to be powering Siri.
               We're getting some leaks about what that might look like, the generative AI bot that looks like it's going to be folding into Siri, so now you can talk to my AirPods, for example, something we think supposed to be able to do about a decade ago.
               But, Lou, is this Apple now playing a strong hand with Gemini?
>>> TARGET >>> They've got the distribution, or is this them just being late to the game?
               Lou Whiteman: Travis I'm so confused by this.","They've got the distribution, or is this them just being late to the game?",They,"<NAME>'ve got the distribution, or is this them just being late to the game?",,,,
coref-140749915-22,"               HVIP's own rules state that its vouchers can be combined with other eligible public incentives, with HVIP always paying last, up to 90% of the vehicle cost through combined public incentives.
               Industry analysts have confirmed the same thing.
               Ann Rundle, Vice President at ACT Research, noted that California allows the stacking of benefits so buyers can combine incentives, and that no other state's programs are as comprehensive or as well funded.
               The claim that combined incentives can cover up to 90% of the purchase cost for a small fleet is consistent with what the state and independent analysts say.
               So the headline is not totally off base.
>>> TARGET >>> A California small fleet, buying the right truck and qualifying for both programs, can in principle get an enormous discount off the Semi's price.
               This is strictly based off of these incentives.","A California small fleet, buying the right truck and qualifying for both programs, can in principle get an enormous discount off the Semi's price.",,,,,,
anaphora-139564933-16,"               For now, retail investors still have limited direct access to SpaceX equity, with the most practical path being through public companies and funds that already hold stakes in the company.
               See Also: This Startup Thinks It Can Reinvent the Wheel — Literally Tesla has a market capitalization of $1.17 trillion, with a 52-week high of $498.82 and a 52-week low of $214.25.
               Over the past 12 months, the stock has gained 36.24%.
               Photo courtesy: Frederic Legrand – COMEO from Shutterstock Read
               Next: This Under-$1 Pre-IPO AI Company Is Still Open to Retail Investors — Learn More
>>> TARGET >>> It's no wonder Jeff Bezos holds over $250 million in art — this alternative asset has outpaced the S&P 500 since 1995, delivering an average annual return of 11.4%.
               Here's how everyday investors are getting started.","It's no wonder Jeff Bezos holds over $250 million in art — this alternative asset has outpaced the S&P 500 since 1995, delivering an average annual return of 11.4%.",It,"<NAME> no wonder Jeff Bezos holds over $250 million in art — this alternative asset has outpaced the S&P 500 since 1995, delivering an average annual return of 11.4%.",,,,
anaphora-138299970-8,"               Microsoft 's slide deepened Thursday, with shares falling over 10% after its earnings report spooked investors with higher-than-anticipated capital spending and a slowdown in quarterly cloud sales growth.
               That took some of the wind out of Meta's ( META ) earnings performance.
               Shares gained over 10% thanks to a surprisingly strong quarterly revenue outlook .
               And the company said it plans to spend up to $135 billion on its data center build-out this year, a boost to its push to win the AI race.
               Meanwhile, Tesla ( TSLA ) flipped to a loss, shedding over 3% as the company focused on a strategy shift from EVs to robots and a quarterly earnings beat .
>>> TARGET >>> But the company also saw its first-ever decline in annual revenue.
               Investors are now gearing up for Apple's ( AAPL ) quarterly earnings, due after the closing bell.",But the company also saw its first-ever decline in annual revenue.,the company,But <NAME> also saw its first-ever decline in annual revenue.,,,,
anaphora-139231686-18,"               A newsletter built for market enthusiasts by market enthusiasts.
               Top stories, top movers, and trade ideas delivered to your inbox every weekday before and after the market closes.
               XPeng Inc. (NYSE: XPEV ) stock fell Thursday, extending a volatile stretch for Chinese electric vehicle makers, as fading subsidies, an intensifying price war, and softer delivery momentum continued to weigh on investor sentiment.
               The IRON robot, weighing approximately 171 pounds at 5 feet 10 inches, incorporates the company’s Vision-Language-Action (VLA) architecture and is positioned as a direct rival to Tesla Inc.’s (NASDAQ: TSLA )
               Optimus humanoid robot.
>>> TARGET >>> In January, the company delivered 20,011 vehicles , a 34% year-over-year decline.
               That contrasted sharply with rival Nio Inc. (NYSE: NIO ) , which posted a 96.1% year-over-year surge in January deliveries.","In January, the company delivered 20,011 vehicles , a 34% year-over-year decline.",the company,"In January, <NAME> delivered 20,011 vehicles , a 34% year-over-year decline.",,,,
coref-141122355-430,"               William Stein: As a follow-up, well, first, maybe you could talk about the timing as to when that -- when Optimus 4 should be -- let's say, start production.
               But the actual follow-up I wanted to ask was the plan to upgrade Hardware 3 to Hardware 4 in order to be able to process, I suppose it's version 15 of the -- and future versions of FSD.
               Is that still the plan to do hardware upgrades on the cars?
               Elon Musk: I think it's going to make sense for -- to upgrade all cars with that are have less than hardware for almost any cars that have cameras basically because otherwise, it probably too many modifications.
               But anything that's got sort of -- that's set up for cameras, it will be financially sensible at some point to upgrade them.
>>> TARGET >>> And I think we want to upgrade them to the next generation of next-generation AI board, so to be either like we have an upgraded AI chip that's sort of medium -- sort of moderate improvement over AI4, probably reaches production around the middle of next year.
               And then there's also AI5, which hopefully is in volume production around the middle of next year.","And I think we want to upgrade them to the next generation of next-generation AI board, so to be either like we have an upgraded AI chip that's sort of medium -- sort of moderate improvement over AI4, probably reaches production around the middle of next year.",we,"And I think <NAME> want to upgrade them to the next generation of next-generation AI board, so to be either like we have an upgraded AI chip that's sort of medium -- sort of moderate improvement over AI4, probably reaches production around the middle of next year.",,,,
coref-141051091-6,"               Advertisement | Remove ads.
               Shares of Tesla, Inc. (TSLA) and SpaceX (SPCX) slipped in overnight trading heading into Wednesday, but RBC Capital sees a potential combination of Elon Musk’s two companies creating an “orbit-to-ground” platform with more than $1 trillion in long-term chip savings.
               SPCX stock is down about 2% in overnight trading heading into Wednesday, while TSLA shares are off more than 1%.
               SpaceX snapped a two-session losing streak with a 3% gain on Tuesday, while Tesla extended its decline to a fifth consecutive session.
               RBC Capital lowered its Tesla price target to $480 from $500, implying a 56% upside from current levels, while maintaining an ‘Outperform’ rating.
>>> TARGET >>> The brokerage said that a potential Tesla-SpaceX merger could create a compelling “vertical integration from orbit to ground” ecosystem spanning connectivity, autonomous vehicles and humanoid robotics that would be difficult to replicate.
               Advertisement | Remove ads.","The brokerage said that a potential Tesla-SpaceX merger could create a compelling “vertical integration from orbit to ground” ecosystem spanning connectivity, autonomous vehicles and humanoid robotics that would be difficult to replicate.",,,,,,
coref-140748153-9,"               Reuters reported on June 3 that Tesla, Inc. (NASDAQ:TSLA) is rolling out its unsupervised robotaxis in the ​Austin Metro area in Texas in an attempt to speed up its autonomous ride-hailing operation.
               It stated that a wider adoption of the company's full self-driving software and an expansion of the robotaxi service are key to Tesla's (NASDAQ:TSLA) growth strategy since its pivoted focus from EVs to ​AI and robotics.
               Tesla's official robotaxi account stated in a ​post on X that: ""Unsupervised Robotaxi now in the entire Austin Metro area"".
               Tesla, Inc. (NASDAQ:TSLA) designs, manufactures, and sells high-performance electric vehicles and energy generation and storage systems.
               It operates through two segments: energy generation and storage, and automotive.
>>> TARGET >>> However, the company isn't merely an automotive manufacturer; investors regard it as a technology company due to its other projects, most of which feature AI.
               While we acknowledge the potential of TSLA as an investment, we believe certain AI stocks offer greater upside potential and carry less downside risk.","However, the company isn't merely an automotive manufacturer; investors regard it as a technology company due to its other projects, most of which feature AI.",the company,"However, <NAME> isn't merely an automotive manufacturer; investors regard it as a technology company due to its other projects, most of which feature AI.",,,,
coref-139908240-29,"               Nothing really to talk about there, from my view.
               But as we got down into the question-and-answer portion of the earnings call, Elon Musk started talking about something called Terafab.
               Terafab really intrigues me.
               This is Tesla's internal semiconductor operation that it's working on here.
               It's thinking very big things with this.
>>> TARGET >>> But what fascinates me and intrigues me about the Terafab concept, even though it's probably still years and years into the future, is this thing called a feedback loop.
               I love feedback loops.","But what fascinates me and intrigues me about the Terafab concept, even though it's probably still years and years into the future, is this thing called a feedback loop.",,,,,,
anaphora-140771567-5,"               Oops, something went wrong TOKYO, June 30 (Reuters) -
               Panasonic is seeking to localise its U.S. supply chain for energy storage systems as it prepares ‌to produce battery cells at a plant in Kansas as ‌part of a shift towards supplying data centres, the Japanese group's CEO said on ​Tuesday.
               ""Since most of our customers are in the U.S. for these energy storage systems, we think it makes sense to complete the supply chain as much as possible within the U.S.,"" Yuki Kusumi said during ‌a roundtable interview in ⁠Tokyo.
               Panasonic said this month it plans to begin mass production of battery cells for data centres at the ⁠Kansas plant of its energy unit, which also makes batteries for Tesla, in the financial year ending March 2029.
               Automakers and battery companies, which now ​face a ​weak market for electric vehicles ​in the U.S., are scrambling ‌to repurpose battery factories to make energy-storage systems to fuel AI's demand for power instead.
>>> TARGET >>> Panasonic does not plan to make lithium iron phosphate (LFP) batteries, Kusumi said, adding they are less suited to the company's focus on distributed systems that help smooth peak power demand at individual ‌servers, and are better suited to ​large, centralised backup applications.
               LFP batteries are widely ​used in energy storage systems ​because they are cheaper than the nickel-heavy chemistry ‌that is commonly used for EV ​batteries in North ​America.","Panasonic does not plan to make lithium iron phosphate (LFP) batteries, Kusumi said, adding they are less suited to the company's focus on distributed systems that help smooth peak power demand at individual ‌servers, and are better suited to ​large, centralised backup applications.",the company,"Panasonic does not plan to make lithium iron phosphate (LFP) batteries, Kusumi said, adding they are less suited to <NAME> focus on distributed systems that help smooth peak power demand at individual ‌servers, and are better suited to ​large, centralised backup applications.",,,,
anaphora-139210532-46,"               One of the most important targets is reaching 10 million active FSD subscriptions over the next decade, not purchases.
               By removing the one-time option, Tesla is pushing all new FSD users toward subscriptions — a metric that matters for Musk's compensation.
               FSD (Supervised) users have now logged more than 8 billion cumulative miles.
               In 2025, monthly subscriptions to FSD more than doubled.
               In the last reported quarter, Tesla launched FSD in South Korea, where customers drove over 1 million kilometers in just one month.
>>> TARGET >>> While regulatory approvals in China and Europe are still pending, the company has started offering ride-along experiences in Italy, Germany, France and Switzerland.
               Want the latest recommendations from Zacks Investment Research?","While regulatory approvals in China and Europe are still pending, the company has started offering ride-along experiences in Italy, Germany, France and Switzerland.",the company,"While regulatory approvals in China and Europe are still pending, <NAME> has started offering ride-along experiences in Italy, Germany, France and Switzerland.",,,,
anaphora-138291520-8,"               Microsoft 's slide deepened Thursday, with shares falling over 10% after its earnings report spooked investors with higher-than-anticipated capital spending and a slowdown in quarterly cloud sales growth.
               That took some of the wind out of Meta's ( META ) earnings performance.
               Shares gained over 10% thanks to a surprisingly strong quarterly revenue outlook .
               And the company said it plans to spend up to $135 billion on its data center build-out this year, a boost to its push to win the AI race.
               Meanwhile, Tesla ( TSLA ) flipped to a loss, shedding over 3% as the company focused on a strategy shift from EVs to robots and a quarterly earnings beat .
>>> TARGET >>> But the company also saw its first-ever decline in annual revenue.
               Investors are now gearing up for Apple's ( AAPL ) quarterly earnings, due after the closing bell.",But the company also saw its first-ever decline in annual revenue.,the company,But <NAME> also saw its first-ever decline in annual revenue.,,,,
coref-137884563-10,"               You’d expect financials to be better than ever, but that’s not the case either.
               Net income kept falling, and revenue increased by only 11.57% year-over-year in Q3.
               This is a very modest increase for a stock trading at 219 times 2026 expected earnings.
               You’re paying exactly 15 times forward sales, so even top-notch margins would keep this stock at expensive levels.
               This begs the question: Are promises alone driving the stock?
>>> TARGET >>> Are investors naive enough to buy into the stock in droves without at least some hard figures to reinforce their conviction?
               This is the hardest part to figure out, and what better way to find an answer than to ask the bulls themselves?",Are investors naive enough to buy into the stock in droves without at least some hard figures to reinforce their conviction?,the stock,Are investors naive enough to buy into <NAME> in droves without at least some hard figures to reinforce their conviction?,,,,
coref-141122355-157,"               Also, the tariff benefits we recognized in Q1 of more than $200 million did not repeat.
               And lastly, we had previously guided that ASPs for industrial storage is coming down amidst growing competition.
               Long term, we believe the energy business should normalize at a gross margin rate in the mid- to low 20% range.
               Our order backlog of this business is robust, and we are doing our best to build based on both existing demand and future demand we expect from data center growth and overall electrification of the economy.
               Service and other margins improved sequentially from 9.2% to 14.1%, an all-time high.
>>> TARGET >>> This was mainly driven by an uptick in volume and better cost management of our vehicle fleet that supports businesses such as used car, supercharging, service centers and insurance.
               While marginal today, also included in this business are deliberate investments we are making in infrastructure that will help scale robotaxi in the future.","This was mainly driven by an uptick in volume and better cost management of our vehicle fleet that supports businesses such as used car, supercharging, service centers and insurance.",our,"This was mainly driven by an uptick in volume and better cost management of <NAME> vehicle fleet that supports businesses such as used car, supercharging, service centers and insurance.",,,,
anaphora-136890594-4,"               Oops, something went wrong (Reuters)
               -Chinese autonomous driving developer Momenta is considering shifting its IPO to Hong Kong from New York, four people said, adding to a growing list of Chinese companies opting to debut in the Asian financial hub amid heightened U.S.-China tensions.
               The potential change in Momenta's listing venue comes after the expiration in June of an approval by China's securities regulator to list in the U.S., which was granted mid-last year, according to the regulator's website.
               Momenta is a leading Chinese supplier of advanced driving assisted system features, akin to Tesla 's self-driving technology that can navigate urban traffic under human drivers' supervision.
>>> TARGET >>> The company recently informed some of its investors about its plan to potentially list in Hong Kong in 2026, two of the people said, adding the plan, which has not been reported previously, is at an early stage and is subject to changes.
               Momenta, backed by investors such as Toyota Motor and auto parts supplier Bosch, is considering a change in listing venue as it nears completion of a pre-IPO fundraising round, said two of the people.","The company recently informed some of its investors about its plan to potentially list in Hong Kong in 2026, two of the people said, adding the plan, which has not been reported previously, is at an early stage and is subject to changes.",The company,"<NAME> recently informed some of its investors about its plan to potentially list in Hong Kong in 2026, two of the people said, adding the plan, which has not been reported previously, is at an early stage and is subject to changes.",,,,
coref-139247169-3,"               Investing Sending You to Google News in 3 Tesla’s ( NASDAQ: TSLA | TSLA Price Prediction ) robotaxi ambitions have generated enormous investor attention, but the gap between rhetoric and reality is widening.
               As of Friday morning, Tesla has no commercial robotaxi permits in any major U.S. market, has disclosed no meaningful revenue or miles-logged metrics from its autonomous ride-hailing operations, and is now in legal conflict with the very regulators it needs to approve its expansion.
               Tesla spent considerable time on its Q4 2025 earnings call promoting its robotaxi progress.
>>> TARGET >>> CEO Elon Musk stated, “In terms of taxi vehicles carrying paid customers, I think we’re well over 500 at this point between the Bay Area and Austin.”
               He also claimed the fleet is growing fast: “This will probably double every month type of thing.","CEO Elon Musk stated, “In terms of taxi vehicles carrying paid customers, I think we’re well over 500 at this point between the Bay Area and Austin.”",we,"CEO Elon Musk stated, “In terms of taxi vehicles carrying paid customers, I think <NAME>’re well over 500 at this point between the Bay Area and Austin.”",,,,
anaphora-137215862-23,"               According to Reuters, ""Tesla, which once held more than 80% of the U.S. EV market, accounted for 38% of the total EV sales in the United States in August, the first time it has fallen below the 40% mark since October 2017, when it was ramping up production of the Model 3, its first mass market car.""
               Looking ahead, it's possible the automaker faces another difficult year in 2026, at least when it comes to EV sales.
               Major demand drivers -- including a federal tax credit that reduced the cost of a new EV by up to $7,500 -- will no longer be available.
               And promising competitors like Rivian plan to begin production of several models with starting prices under $50,000.
               Considering that more than 90% of Tesla's vehicle revenue now comes from just two affordable models, the Model Y and Model 3, increased competition in this category could add significant sales pressure next year.
>>> TARGET >>> It maintains heavy technological and capital advantages versus the competition, but when it comes to raw EV sales, the near-term future is fairly gloomy.
               Still, all of that will be manageable if the company can execute on perhaps the biggest growth opportunity in its history: robotaxis .","It maintains heavy technological and capital advantages versus the competition, but when it comes to raw EV sales, the near-term future is fairly gloomy.",It,"<NAME> maintains heavy technological and capital advantages versus the competition, but when it comes to raw EV sales, the near-term future is fairly gloomy.",,,,
anaphora-139187955-2,"               Oops, something went wrong Tesla Inc. (NASDAQ: TSLA ) has unveiled a new affordable trim level of the Cybertruck, but investor Gary Black of the Future Fund LLC thinks the move wouldn't translate to a major sales boost for the automaker.
               Tesla's official website on Thursday showed an all-new Dual Motor All-Wheel Drive trim retailing for $59,990.
>>> TARGET >>> It features a 325-mile range but offers a reduced towing capacity of 7,500 lbs, unlike the Premium All-Wheel Drive trim, which boasts a towing capacity of 11,000 lbs.
               It also offers reduced ground clearance and lacks a rear touchscreen.","It features a 325-mile range but offers a reduced towing capacity of 7,500 lbs, unlike the Premium All-Wheel Drive trim, which boasts a towing capacity of 11,000 lbs.",It,"<NAME> features a 325-mile range but offers a reduced towing capacity of 7,500 lbs, unlike the Premium All-Wheel Drive trim, which boasts a towing capacity of 11,000 lbs.",,,,
anaphora-137258402-19,"               Xiaomi is now well-positioned to capitalize on the 731 million monthly active users in its human-vehicle-home ecosystem.
               Since this brand name is already well-established in China's wearables, smartphone, and smart home markets, many customers may choose to extend their trust to its vehicles for the same ecosystem benefits.
               China already has an extensive EV charging infrastructure, with 16.7 million charging points at the end of July 2025.
               Here, consumers are giving higher priority to range convenience and pricing over Tesla's global charging infrastructure and autonomous driving innovations.
               Xiaomi delivered 81,302 new EVs in the second quarter of fiscal 2025 (ended June 30) and over 30,000 vehicles in July.
>>> TARGET >>> The company had completed cumulative deliveries of over 300,000 units by the end of July 2025.
               The company's human-vehicle-home ecosystem is helping create a sticky customer base.","The company had completed cumulative deliveries of over 300,000 units by the end of July 2025.",The company,"<NAME> had completed cumulative deliveries of over 300,000 units by the end of July 2025.",,,,
anaphora-136557736-15,"               It reflects returns from the past few years instead of the ones further back.
               And it also considers that, given Tesla's overvaluation today, the stock might pull back within the next year or two, thereby depressing the average annual gain.
               So, with a current valuation of $1.1 trillion, in a decade, if Tesla's value grows at 10% annually, it should be worth around $2.85 trillion.
               Let's now look at a few stocks that might be worth more than that by 2035.
               Let's start with Costco ( COST +1.29% ) .
>>> TARGET >>> It recently sported a market cap of $425 billion, and average annual growth rates between about 21% and 24% over the past three to 15 years.
               If it grows at 21% over the coming decade, it will end up with a market value a few dollars higher than our Tesla estimate of $2.85 trillion.","It recently sported a market cap of $425 billion, and average annual growth rates between about 21% and 24% over the past three to 15 years.",It,"<NAME> recently sported a market cap of $425 billion, and average annual growth rates between about 21% and 24% over the past three to 15 years.",,,,
coref-139227020-14,"               Employees, when offered stock-based compensation, can affect the value of the stock as the number of shares issued increases, making existing shares less valuable.
               Companies buying back shares can offset dilution concerns as it decreases the number of overall shares available on the market, leading to an increase in stock value.
               Tesla, according to an Electrek report from November last year, reserved close to 60 million shares as compensation for Tesla's employees, but also reserved 208 million shares for CEO Elon Musk .
               Trending: Own the Characters, Not Just the Content: Inside a Fast-Growing Pre-IPO IP Company However, Musk's trillion-dollar pay package , which was criticized by Gerber, who opined that the package could result in stock dilutions close to $275 million per day.
               If Musk hits all of the pay package's milestones, the billionaire could own over 423 million shares of the company, separate from the reported 206 million share reserve.
>>> TARGET >>> According to an SEC filing dated December 30, 2025, Musk owns over 519 million shares of the EV giant.
               Tesla currently has over 3.7 billion outstanding shares on the market.","According to an SEC filing dated December 30, 2025, Musk owns over 519 million shares of the EV giant.",the EV giant,"According to an SEC filing dated December 30, 2025, Musk owns over 519 million shares of <NAME>.",,,,
coref-141122355-28,"               So, yes, it's looking very good on that front.
               The energy business is also growing incredibly fast, and I think it will be crucial for the scale-up of artificial intelligence, data centers.
               We're investing a lot in growing the core business and really preparing for the future.
               So this is a massive CapEx year, but I'm confident that all the things that we're investing in are -- will yield incredible returns, really the best CapEx returns that we've ever seen.
               And the Tesla team has performed incredibly well.
>>> TARGET >>> The Cybercab has started production, and we also have started production and are ramping in -- we will soon start production with Optimus.
               We have started production with the Tesla semi-truck.","The Cybercab has started production, and we also have started production and are ramping in -- we will soon start production with Optimus.",we,"The Cybercab has started production, and <NAME> also have started production and are ramping in -- we will soon start production with Optimus.",,,,
coref-140770027-11,"               In the first quarter, EV sales in the U.S. dropped by 27% year over year.
               But what if Tesla's second-quarter EV deliveries and sales surprise Wall Street?
               Some people think that's what may happen.
               Mark Delaney, an analyst at Goldman Sachs ( GS +0.52% ) , recently argued that Tesla's Q2 deliveries may exceed expectations, based on sales data from several regions including China and Europe.
               The analyst raised his second-quarter Tesla delivery projection to 420,000, up from 405,000.
>>> TARGET >>> Note that this would represent a solid 9% increase from its Q2 2025 deliveries.
               True, the company also saw deliveries increase year over year in the first quarter.",Note that this would represent a solid 9% increase from its Q2 2025 deliveries.,its,Note that this would represent a solid 9% increase from <NAME> Q2 2025 deliveries.,,,,
coref-136933981-2,"               Oops, something went wrong Benzinga and Yahoo Finance LLC may earn commission or revenue on some items through the links below.
               Tesla Inc. (NASDAQ: TSLA ) has urged customers to lock in purchases ahead of the September 30 deadline for the Federal EV credit to avail the incentive, as Q3 deliveries look poised to exceed analyst estimates.
>>> TARGET >>> The company's North American handle posted on the social media platform X on Sunday, urging customers to lock in their purchase before the deadline.
               ""2 days left to lock in $7,500 fed tax credit,"" Tesla said in the post along with a link to the website.","The company's North American handle posted on the social media platform X on Sunday, urging customers to lock in their purchase before the deadline.",The company's,"<NAME> North American handle posted on the social media platform X on Sunday, urging customers to lock in their purchase before the deadline.",,,,
anaphora-138295577-11,"               Cramer believes that some investors have faith in Musk and can wait to hear more stories.
               Tesla’s most shocking comment is that it will kill half its model line (excluding the failed Cybertruck).
               On the chopping block are the Model X and Model S, luxury models that do not sell well.
               The Model 3 and Model Y, both much less expensive, make up almost all of Tesla’s sales.
               Tesla will invest $2 billion in xAI, the social media and artificial intelligence company Musk controls.
>>> TARGET >>> It would seem to be a conflict of interest, but there has been no outcry.
               Musk’s SpaceX has already put money into xAI.","It would seem to be a conflict of interest, but there has been no outcry.",It,"<NAME> would seem to be a conflict of interest, but there has been no outcry.",,,,
anaphora-137589013-18,"               I don't think AI is about to become irrelevant, but the sector's path is unclear.
               Investors should be long-term-focused, and in my view, try to avoid some of the higher valuations out there, such as Tesla's.
               On its third-quarter 13F filing, Coatue reported positions in both the buy-now-pay-later (BNPL) company Klarna ( KLAR +8.16% ) and the collaborative design tech company Figma ( FIG +10.95% ) , both of which were high-profile IPOs this year.
               Figma went public with tremendous hype, opening at $33 per share and rising to a high of $143 per share, although it would be short-lived.
               The company essentially provides a Google Docs-like workflow for designers and coders to collaborate on a range of projects, allowing multiple people to work on designs that can be easily translated into code for website or app implementation.
>>> TARGET >>> The company also has AI components and is being integrated as a third party into ChatGPT.
               Coatue actually got involved in the company prior to the IPO, investing in it in 2024 at a $12.5 billion valuation.",The company also has AI components and is being integrated as a third party into ChatGPT.,The company,<NAME> also has AI components and is being integrated as a third party into ChatGPT.,,,,
coref-136563010-18,"               Nvidia reported earnings on Wednesday, Aug. 27.
               The confluence of supercomputing and robotics is one of the next big frontiers for AI.
               Huang calls it physical AI, or embodied AI, in which physical objects like cars or robots harness AI to interact with the real world, for instance, with self-driving cars or robots moving about a factory floor.
               At CES this year, Huang said the AV ""revolution"" and embodied AI would likely be the first multitrillion-dollar robotics opportunity and noted that Tesla is a partner.
               ""We do a lot of business with Tesla and xAI,"" Huang said in an interview following Q1 results in May.
>>> TARGET >>> ""We're going to build many more computers together.
               [CEO Elon Musk's] self-driving car, his Optimus robot, every single one of them is world-class and revolutionary.""","""We're going to build many more computers together.",We,"""<NAME>'re going to build many more computers together.",,,,
anaphora-139984538-4,"               Oops, something went wrong This article first appeared on GuruFocus .
               Elon Musk intensified his legal challenge against OpenAI during testimony in federal court, arguing that the company's transition from a nonprofit to a for-profit structure could set a troubling precedent for charitable organizations.
               Speaking before a jury in Oakland, the Tesla ( NASDAQ:TSLA )
               CEO framed the dispute as extending beyond the individuals involved, suggesting the outcome could influence how future nonprofits evolve when faced with commercial pressures.
>>> TARGET >>> The case stems from a long-running rift between Musk and OpenAI leadership, dating back to the company's founding in 2015, and arrives as the organization moves closer to a potential public offering that could rank among the largest in history.
               GuruFocus has detected 6 Warning Signs with TSLA.","The case stems from a long-running rift between Musk and OpenAI leadership, dating back to the company's founding in 2015, and arrives as the organization moves closer to a potential public offering that could rank among the largest in history.",the company,"The case stems from a long-running rift between Musk and OpenAI leadership, dating back to <NAME> founding in 2015, and arrives as the organization moves closer to a potential public offering that could rank among the largest in history.",,,,
coref-136476320-18,"               Zoom ( ZM ) slightly lifted its revenue guidance for the full year to $4.83bn at the midpoint from $4.81bn.
               The company's stock price has lost 10% so far this year amid fierce competition in the online meeting tech space.
               Tesla ( TSLA ) stock looked set to stage a partial recovery when markets open later on Friday, after slipping 1.2% on Thursday.
               The moves follow news that the EV maker will look to increase the price of some of its Cybertrucks by $15,000 in the US.
               Stocks: Create your watchlist and portfolio
>>> TARGET >>> The price of the fastest variant of the vehicle — dubbed the Cyberbeast — will now cost $114,990, the company said.
               The ""Luxe Package"" for the car includes supervised Full Self-Driving and free access to its supercharging network.","The price of the fastest variant of the vehicle — dubbed the Cyberbeast — will now cost $114,990, the company said.",the company,"The price of the fastest variant of the vehicle — dubbed the Cyberbeast — will now cost $114,990, <NAME> said.",,,,
anaphora-139552962-12,"               ""I've been one of their biggest proponent supporters,"" Newsom said.
               Don't Miss: The 'ChatGPT of Marketing' Just Opened a $0.91/Share Round — 10,000+ Investors Are Already In This Energy Storage Company Already Has $185M in Contracts—Shares Are Still Available The California Governor then shared how a favorable regulatory environment in California helped Musk to become a ""multi-billionaire, maybe trillionaire, that he's become.""
               Describing it as the ""greatest own goal,"" Newsom shared that Musk, as well as Trump, were letting Chinese EVs grow on the global stage.
               ""They have 70% of the global EV market.
               It's about statecraft with them.
>>> TARGET >>> It's about supply chains.
               They're flooding the zone all around the globe,"" Newsom said.",It's about supply chains.,It,<NAME> about supply chains.,,,,
coref-139577778-1,"               In a response to a post on the social media platform X, Gerber criticized the technology, as user James Cat said that there was a lack of awareness among people about the FSD system, as well as the system itself needing improvements before going mainstream.
>>> TARGET >>> Gerber, in his response, shared that the system still needed to make improvements.
               So you still have to basically drive,” he said, referring to Tesla’s FSD being at a level 2, according to the Society of Automotive Engineers (SAE).","Gerber, in his response, shared that the system still needed to make improvements.",,,,,,
coref-141068210-22,"               Tesla, Inc. (NASDAQ:TSLA) trades at a high forward earnings multiple that implies enormous software-like margins, despite its fundamental operational profile of a 1.4% operating margin business that burns cash.
               A number of valuation models estimate the stock remains around 9.7% above fair value, while sell-side bears like Wells Fargo maintain a clear Sell rating with a $130 price target, emphasizing the risk of prolonged EV pricing wars.
               Insider Monkey's Q1 2026 database captures institutional opinion, revealing that elite funds were already derisking the asset before the results shock.
               Elite fund ownership fell to 123 hedge funds at the end of the first quarter, down from 137 in the previous reporting period, indicating that smart-money managers were actively cutting exposure as auto margin fatigue set in.
               Tesla, Inc. (NASDAQ:TSLA) is experiencing an unsustainable mismatch between its premium tech valuation and its shrinking automotive margins.
>>> TARGET >>> With core operating margins falling to 1.4% and capital expenditures driving quarterly free cash flow to a $1.1 billion loss, the stock carries an unfavorable risk-reward profile.
               Until Tesla, Inc. (NASDAQ:TSLA) can show that its substantial AI investment generates verifiable, high-margin revenue streams to offset continued automotive pricing difficulties, the stock is vulnerable to additional valuation multiple reduction.","With core operating margins falling to 1.4% and capital expenditures driving quarterly free cash flow to a $1.1 billion loss, the stock carries an unfavorable risk-reward profile.",the stock,"With core operating margins falling to 1.4% and capital expenditures driving quarterly free cash flow to a $1.1 billion loss, <NAME> carries an unfavorable risk-reward profile.",,,,
coref-141107725-10,"               Citic Securities' ​report values Unitree roughly 20 ‌times this year's expected sales, and about 80 times forecast earnings.
               Unitree, which also makes quadruped robots is ""a globally-renowned, world-leading maker of high-performance, general purpose robotics,"" Citic Securities said in the report.
               ""It adheres to a prudent R&D investment strategy, while also establishing its leading position in understanding ‌the embodied intelligence ecosystem.""
               The IPO comes amid ​heightened rivalry between China and the United ​States.
               Washington recently added ​foreign-made advanced robots to its Covered List, restricting their ‌ability to obtain the equipment ​authorisation required for U.S. ​sales.
>>> TARGET >>> In June, the U.S. added Unitree and other major Chinese tech firms to a list of companies it believes are ​aiding Beijing's military.
               Unitree will ‌set its IPO price on Thursday and accept investor subscriptions on ​Friday.","In June, the U.S. added Unitree and other major Chinese tech firms to a list of companies it believes are ​aiding Beijing's military.",,,,,,
anaphora-139552962-11,"               He added that he was one of the first people to get a Tesla vehicle off the line.
               ""I've been one of their biggest proponent supporters,"" Newsom said.
               Don't Miss: The 'ChatGPT of Marketing' Just Opened a $0.91/Share Round — 10,000+ Investors Are Already In This Energy Storage Company Already Has $185M in Contracts—Shares Are Still Available The California Governor then shared how a favorable regulatory environment in California helped Musk to become a ""multi-billionaire, maybe trillionaire, that he's become.""
               Describing it as the ""greatest own goal,"" Newsom shared that Musk, as well as Trump, were letting Chinese EVs grow on the global stage.
               ""They have 70% of the global EV market.
>>> TARGET >>> It's about statecraft with them.
               It's about supply chains.",It's about statecraft with them.,It,<NAME> about statecraft with them.,,,,
anaphora-140773469-37,"               How Do You Own Quality Without Betting On One Name?
               A buy decision like this asks you to be right about a lot at once: what you pay, what you get, whether it can fund its plans, and how it holds up when markets break.
               Even when you do the work, a single stock concentrates all of that judgment into one position.
               The discipline that protects you is not a better guess; it is not needing any one guess to carry the day.
               That is what the Trefis High Quality (HQ) Portfolio is for.
>>> TARGET >>> It weighs the full-quality picture across thousands of names, holds the 30 best, and sizes and re-balances them with rules so one stock can never sink the whole.
               It has a track record of outpacing a benchmark that combines the three major indices – the S&P 500, S&P Mid-cap, and Russell 2000.","It weighs the full-quality picture across thousands of names, holds the 30 best, and sizes and re-balances them with rules so one stock can never sink the whole.",It,"<NAME> weighs the full-quality picture across thousands of names, holds the 30 best, and sizes and re-balances them with rules so one stock can never sink the whole.",,,,
anaphora-141129157-11,"               The reported roadmap extends well beyond voice assistance.
               Qwen could process complex voice requests, manage multiple tasks simultaneously, support end-to-end services such as ordering and payments, and power content, lifestyle, and commerce features through a cloud-based architecture.
               Nothing has become official, though.
               Tesla could still continue using ByteDance's Doubao , which already powers Chinese Model 3 and Model Y vehicles.
               Even so, reports like these keep Alibaba firmly on investors' radar.
>>> TARGET >>> So, let us see what’s next for the company.
               Headquartered in Hangzhou, China, Alibaba has built one of the world's largest technology ecosystems.","So, let us see what’s next for the company.",the company,"So, let us see what’s next for <NAME>.",,,,
coref-141109941-26,"               Across this universe, Tesla was the big winner.
               Its Model X had the largest increase in price at 17.5%.
               Its Model 3 ranked 5th with an increase of 13.5%.
               Its Model S ranked 7th with an increase of 13.1%.
               Tesla’s challenge is whether its new car sales can have a significant pickup.
>>> TARGET >>> The numbers it posted in the second quarter were not bad.
               Model 3 and Model Y production increased 12% to 442,936.",The numbers it posted in the second quarter were not bad.,it,The numbers <NAME> posted in the second quarter were not bad.,,,,
anaphora-137614312-40,"               Elon Musk signed, sealed and delivered.
               He's got his pay package.
               What does next year hold for them?
               And are Robo taxis, that rollout next year, the main driver of the stock?
               Biggest chapter of growth ever in its history.
>>> TARGET >>> It's about robotics, it's about autonomous.
               Musk now wartime CEO.","It's about robotics, it's about autonomous.",It,"<NAME> about robotics, it's about autonomous.",,,,
anaphora-139908240-101,"               What we're going to do is we're going to do a quick lightning round of earnings wrap-ups.
               Each of us picked one stock.
               We're going to do a quick coverage of what we saw, what was interesting, perhaps some challenges along the way.
               Matt, you drew the best number, I guess, for the three of us.
               You're going to start.
>>> TARGET >>> What was the company you saw and what was most interesting?
               Matt Frankel: IBM earnings is one that I was really anticipating, and I like the stock even better, honestly, after its earnings call.",What was the company you saw and what was most interesting?,the company,What was <NAME> you saw and what was most interesting?,,,,
anaphora-137619046-5,"               Oops, something went wrong Fresh off a $350 million raise , battery recycler and cathode-maker Redwood Materials is reportedly cutting around 5% of its workforce, according to Bloomberg News .
               Nevada-based Redwood employees around 1,200 employees, so the cuts affect a few dozen workers.
               The company, founded in 2017 by former Tesla CTO JB Straubel, initially focused on recycling scrap from battery cell production, consumer electronics, and used EV batteries.
               The company extracts materials like cobalt, nickel, and lithium from those discarded goods and then sells them back to its customers, which include Panasonic.
               Redwood has since added cathode production.
>>> TARGET >>> It recently launched a new business that uses those old EV batteries in energy storage products — a sector that has taken off during the boom of power-hungry AI data centers.
               As of June, the company had stockpiled more than 1 gigawatt-hour's worth of batteries for this purpose.",It recently launched a new business that uses those old EV batteries in energy storage products — a sector that has taken off during the boom of power-hungry AI data centers.,It,<NAME> recently launched a new business that uses those old EV batteries in energy storage products — a sector that has taken off during the boom of power-hungry AI data centers.,,,,
coref-139908240-47,"               But at scale, it wants to be 50 times bigger than the entire industry combined.
               I think this is something that is very interesting to watch in the coming years.
               Tyler Crowe: I want to step in here a second and talk about the scale that we're talking about here.
               To give one example, one of the things that they were talking about was using Intel 's new 14A process for some of this Terafab work.
               Intel is building a facility in Ohio, and they believe that the manufacturing costs for the facility itself is somewhere like $160 billion range, and this is for one facility.
>>> TARGET >>> The idea, we're going to a 50X something like this.
               The numbers that are going around with this Tesla Terafab thing are jaw-dropping, doesn't quite encapsulate at all.","The idea, we're going to a 50X something like this.",we,"The idea, <NAME>'re going to a 50X something like this.",,,,
coref-140766740-10,"               Can these two industrial giants, which aren't nearly as headline-grabbing as Tesla, keep up the outperformance?
               Image source: Getty Images.
               Caterpillar makes massive earth-moving equipment and generators for creating energy in remote areas.
               GE Vernova makes the turbines used to generate power, along with other vital energy-producing and storing systems.
               They are both massive industrial businesses , with Cat supporting a $450 billion market cap and GE Vernova supporting a $280 billion market cap.
>>> TARGET >>> That said, the products these companies make take a long time to build.
               So customer orders are usually placed well in advance.","That said, the products these companies make take a long time to build.",,,,,,
coref-139232139-11,"               See How This AI Helps Fortune
               Avoid Them Explore the Fire-Safe Energy Storage Company With $185M in Contracted Revenue
               The timer comes as many Tesla fans and industry experts saw the move as a good strategy given the end of the Federal EV tax credits, lower EV demand and the higher price point of the Cybertruck that has kept some customers from purchasing.
               The entry-level pricing of the Cybertruck likely won't last and could be a small move towards rebuilding sales in 2026.
               The key is whether Tesla will commit to a price point lower than the original price and low enough to keep demand high.
>>> TARGET >>> Musk told a user on social media that the new price will depend ""on how much demand we see at this price level.""
               The Cybertruck was announced by Tesla years ago, and promises of a $40,000 starting price point never happened, as reported by InsideEVs.","Musk told a user on social media that the new price will depend ""on how much demand we see at this price level.""",we,"Musk told a user on social media that the new price will depend ""on how much demand <NAME> see at this price level.""",,,,
coref-136579578-6,"               Tesla, Inc. (NASDAQ:TSLA) is one of the stocks Jim Cramer recently discussed.
               Tesla, Inc. (NASDAQ:TSLA)'s shares have lost 9.4% year-to-date as the firm has struggled to shake off the effect of a global delivery slowdown.
               Despite CEO Elon Musk's repeated assertions that his firm is more of a robotics company instead of a car company, investors continue to judge Tesla, Inc. (NASDAQ:TSLA)'s shares through the firm's ability to sell cars.
               For his part, Cramer agrees with Musk's assertion that the firm is a tech company.
               The CNBC TV host has previously recommended the stock due to Tesla, Inc. (NASDAQ:TSLA) being a tech company, and he did so again this time as well: ""[On reports saying the stock building a nice base] ""I think it's a terrific buy here.
>>> TARGET >>> ""Well you know I just think it's a technology company and it's the world's best and I think you buy it right here.
               You buy it for that.""","""Well you know I just think it's a technology company and it's the world's best and I think you buy it right here.",it,"""Well you know I just think <NAME> a technology company and it's the world's best and I think you buy it right here.",,,,
anaphora-140035346-5,"               Oops, something went wrong After a dramatic first day of opening statements and testimony from Elon Musk in his case against Sam Altman and OpenAI, the trial continued on Wednesday with a cross-examination of the Tesla CEO.
               Musk began his second day of on the stand by repeating the accusation that Altman ""stole a charity"" and would endanger humanity with AI multiple times.
               OpenAI's attorneys pressed the world's richest man on his allegations, resulting in testy exchanges and multiple interventions from the judge.
               Musk often refused to answer questions as instructed, and the judge interjected several times to tell Musk to simply give a yes-or-no response.
               At various points, Musk told OpenAI's counsel, ""You're being misleading with your question,"" and ""Your questions are not simple, they are designed to trick me, essentially.""
>>> TARGET >>> Musk accuses his OpenAI co-founders Altman and Greg Brockman of breaking the founding agreement of the company to build AI to benefit humanity, instead shifting the non-profit to a for-profit structure and unjustly enriching themselves along the way.
               He is seeking the removal of Altman and Brockman, the undoing of the for-profit conversion, and $134bn in damages, which he wants redistributed to OpenAI's non-profit arm.","Musk accuses his OpenAI co-founders Altman and Greg Brockman of breaking the founding agreement of the company to build AI to benefit humanity, instead shifting the non-profit to a for-profit structure and unjustly enriching themselves along the way.",the company,"Musk accuses his OpenAI co-founders Altman and Greg Brockman of breaking the founding agreement of <NAME> to build AI to benefit humanity, instead shifting the non-profit to a for-profit structure and unjustly enriching themselves along the way.",,,,
coref-140445649-7,"               A new patent from Tesla targets the company's robotaxis and the Optimus Humanoid Bot.
               Patent No. 12,636,684 was granted to Tesla recently, as reported by Teslarati , citing a user on social media.
               The patent was submitted in May 2025 and covers a ""Lens Cleaning System"" that can be used by both products.
               The system dispenses fluid and uses wipers to wipe it away.
               Similar to wipers on the windshield of a vehicle, the patent could see the cameras on Tesla robotaxis have mini-wipers that can clean themselves.
>>> TARGET >>> This would help the vehicles to clean debris from roads and not need manual human interaction to keep the vehicles on the road.
               Teslarati previously shared a video of a Model Y robotaxi unit that had camera washing devices similar to what the patent describes.",This would help the vehicles to clean debris from roads and not need manual human interaction to keep the vehicles on the road.,,,,,,
anaphora-139187955-3,"               Oops, something went wrong Tesla Inc. (NASDAQ: TSLA ) has unveiled a new affordable trim level of the Cybertruck, but investor Gary Black of the Future Fund LLC thinks the move wouldn't translate to a major sales boost for the automaker.
               Tesla's official website on Thursday showed an all-new Dual Motor All-Wheel Drive trim retailing for $59,990.
               It features a 325-mile range but offers a reduced towing capacity of 7,500 lbs, unlike the Premium All-Wheel Drive trim, which boasts a towing capacity of 11,000 lbs.
>>> TARGET >>> It also offers reduced ground clearance and lacks a rear touchscreen.
               The automaker has also reduced the price of the range-topping Cyberbeast trim from $114,990 to $99,990.",It also offers reduced ground clearance and lacks a rear touchscreen.,It,<NAME> also offers reduced ground clearance and lacks a rear touchscreen.,,,,
anaphora-139908240-49,"               Tyler Crowe: I want to step in here a second and talk about the scale that we're talking about here.
               To give one example, one of the things that they were talking about was using Intel 's new 14A process for some of this Terafab work.
               Intel is building a facility in Ohio, and they believe that the manufacturing costs for the facility itself is somewhere like $160 billion range, and this is for one facility.
               The idea, we're going to a 50X something like this.
               The numbers that are going around with this Tesla Terafab thing are jaw-dropping, doesn't quite encapsulate at all.
>>> TARGET >>> It's more like I live on the 18th floor of an apartment building; my jaw somehow hit the street.
               Jon Quast: Exactly right, Tyler.",It's more like I live on the 18th floor of an apartment building; my jaw somehow hit the street.,It,<NAME> more like I live on the 18th floor of an apartment building; my jaw somehow hit the street.,,,,
anaphora-140438004-5,"               Tesla ( TSLA +3.80% ) is a stock that divides Wall Street analysts, with Piper Sandler, Canaccord Genuity, and Wedbush in the bullish camp currently, with respective price targets of $500, $450, and $600; while UBS and Barclays take a more skeptical view with their respective $364 and $360 targets.
               The stock closed Tuesday at $434.
               It remains to be seen which camp is right, but we do know that in the near term, the robotaxi rollout will determine the stock's fate.
               Here's what to expect.
               Canaccord analyst George Gianarikis recently raised his price target on the stock, partly because the company is derisking its supply chain with large-scale investments in semiconductors, lithium refineries, battery production, and other factory investments.
>>> TARGET >>> It's a powerful case that emphasizes the long-term potential of the businesses that CEO Elon Musk is putting together, with the earliest major catalyst coming from Cybercab.
               It's not so much the immediate profitability of Cybercab that will move the needle, but rather the establishment of a core robotaxi business that should scale dramatically in the coming years.","It's a powerful case that emphasizes the long-term potential of the businesses that CEO Elon Musk is putting together, with the earliest major catalyst coming from Cybercab.",It,"<NAME> a powerful case that emphasizes the long-term potential of the businesses that CEO Elon Musk is putting together, with the earliest major catalyst coming from Cybercab.",,,,
coref-140772586-27,"               At 377.83 , the stock's Price to Earnings ratio significantly exceeds the industry average by 14.62x , suggesting a premium valuation relative to industry peers.
               With a Price to Book ratio of 18.39 , which is 4.37x the industry average, Tesla might be considered overvalued in terms of its book value, as it is trading at a higher multiple compared to its industry peers.
               With a relatively high Price to Sales ratio of 14.86 , which is 6.52x the industry average, the stock might be considered overvalued based on sales performance.
               The Return on Equity (ROE) of 0.57% is 3.47% below the industry average, suggesting potential inefficiency in utilizing equity to generate profits.
               The company exhibits higher Earnings Before Interest, Taxes, Depreciation, and Amortization (EBITDA) of $2.43 Billion , which is 1.29x above the industry average, implying stronger profitability and robust cash flow generation.
>>> TARGET >>> With higher gross profit of $4.72 Billion , which indicates 2.95x above the industry average, the company demonstrates stronger profitability and higher earnings from its core operations.
               The company is experiencing remarkable revenue growth, with a rate of 15.78% , outperforming the industry average of -0.55% .","With higher gross profit of $4.72 Billion , which indicates 2.95x above the industry average, the company demonstrates stronger profitability and higher earnings from its core operations.",the company,"With higher gross profit of $4.72 Billion , which indicates 2.95x above the industry average, <NAME> demonstrates stronger profitability and higher earnings from its core operations.",,,,
anaphora-138298440-51,"               This month, xAI raised $20 billion in an upsized Series E funding round, exceeding its $15 billion target at a valuation of $230 billion.
               ⁠It also gained a commitment of about $2 billion from Tesla on Wednesday.
               Ross Gerber, CEO of Tesla and xAI investor Gerber Kawasaki Wealth and Investment Management, said he could envision a marriage of Musk businesses.
               ""It's like a bunch of overvalued companies merging together into one big overvalued mess run by Elon.
               But ‌it's a pure play now.
>>> TARGET >>> It's like, you want to invest in Elon?
               Like, you get all this.","It's like, you want to invest in Elon?",It,"<NAME> like, you want to invest in Elon?",,,,
coref-138316632-12,"               As for Cramer, the CNBC TV host continues to be a believer in the firm as he holds the opinion that Tesla, Inc. (NASDAQ:TSLA) is more of a technology company than a car company.
               In this appearance, he discussed the trading patterns for the shares and narrative building: Photo by David Levêque on Unsplash ""Now look, there'll be people who come out the moment that Tesla's down a little.
               We have a parade of analysts and investors who like to come on air and basically just, pump it.
               So I think it's okay.
               But I am a big believer in Tesla, I think that the robot story is big.
>>> TARGET >>> I don't believe that the Chinese are so much better than us that we should just lay down and accept their hegemony.""
               While we acknowledge the potential of TSLA as an investment, our conviction lies in the belief that some AI stocks hold greater promise for delivering higher returns and have limited downside risk.","I don't believe that the Chinese are so much better than us that we should just lay down and accept their hegemony.""",us,"I don't believe that the Chinese are so much better than <NAME> that we should just lay down and accept their hegemony.""",,,,
anaphora-140732170-34,"               Advertisement | Remove ads.
               So far this year, Tesla's stock has lagged its ""Magnificent Seven"" peers, making it the group's third-worst performer, down about 17%.
               For updates and corrections, email newsroom[at]stocktwits[dot]com.
               Read Next: RKLB Stock Jumps
               Rocket Lab Eyes ‘Ten Owl Of Ten’ Liftoff After NASA Hands
>>> TARGET >>> It 3 Electron Launches Advertisement | Remove ads.
               Comments posted here will also appear on symbol pages.",It 3 Electron Launches Advertisement | Remove ads.,It,<NAME> 3 Electron Launches Advertisement | Remove ads.,,,,
coref-139592411-3,"               Tesla ( TSLA +3.80% ) , which designs and manufactures electric vehicles and energy storage solutions, closed Tuesday at $371.75, up 4.64%.
               The stock rose in regular trading as investors responded to a market rally, a favorable analyst report, and increased optimism about AI, robotics, and autonomous driving.
               These sectors are viewed as potential offsets to weaker short-term delivery trends.
>>> TARGET >>> The company’s trading volume reached 73.4 million shares, which is nearly 19% above compared with its three-month average of 61.5 million shares.
               Tesla went public in 2010 and has grown 23284% since its IPO.","The company’s trading volume reached 73.4 million shares, which is nearly 19% above compared with its three-month average of 61.5 million shares.",The company’s,"<NAME> trading volume reached 73.4 million shares, which is nearly 19% above compared with its three-month average of 61.5 million shares.",,,,
coref-136568948-18,"               Our system takes these estimate changes into account and delivers a clear, actionable rating model.
               The Zacks Rank system, which varies between #1 (Strong Buy) and #5 (Strong Sell), carries an impressive track record of exceeding expectations, confirmed by external audits, with stocks at #1 delivering an average annual return of +25% since 1988.
               Over the past month, there's been a 1.05% rise in the Zacks Consensus EPS estimate.
               Currently, Tesla is carrying a Zacks Rank of #4 (Sell).
               Digging into valuation, Tesla currently has a Forward P/E ratio of 210.9.
>>> TARGET >>> This valuation marks a premium compared to its industry average Forward P/E of 14.41.
               We can also see that TSLA currently has a PEG ratio of 8.81.",This valuation marks a premium compared to its industry average Forward P/E of 14.41.,its,This valuation marks a premium compared to <NAME> industry average Forward P/E of 14.41.,,,,
anaphora-140443328-16,"               A merger with SpaceX could quickly change that.
               The advantage for SpaceX would be access to greater capital.
               Tesla has a profitable business, and it generated $7 billion in free cash flow over the trailing 12 months.
               SpaceX is going to need cash to scale its business, and not only could Tesla's operations help fund that, but combined, that would mean easier access to investor capital because, whether investors want to invest in SpaceX or Tesla, the money would flow into a single entity.
               There are plenty of reasons for Tesla and SpaceX to merge and work together.
>>> TARGET >>> It makes so much sense that investors widely expect it to happen.
               And it may not necessarily take a long time.",It makes so much sense that investors widely expect it to happen.,It,<NAME> makes so much sense that investors widely expect it to happen.,,,,
anaphora-141134038-28,"               Maybe the Porsche a little bit more.
               Thing is is those customers who buy our products, they might have an electric vehicle as a daily driver, but they're not modifying that car.
               Anybody who buys Teslas, they might modify them a little bit, but they're not our customer in the first place.
               They're not your off-road Jeep guy wanting an exhaust.
               They're not going to replace their Porsche GT3 or their fast BMW that has a great sound with a Tesla as an emotional experience.
>>> TARGET >>> It might be a uh a usability difference, but they're going to look elsewhere for that for that uh enjoyment.
               They may have a second car or something.","It might be a uh a usability difference, but they're going to look elsewhere for that for that uh enjoyment.",It,"<NAME> might be a uh a usability difference, but they're going to look elsewhere for that for that uh enjoyment.",,,,
coref-136904018-5,"               Oops, something went wrong Tesla, Inc. (NASDAQ: TSLA ) is one of the best stocks to invest in right now .
               On September 23, Mizuho raised the firm's price target on Tesla, Inc. (NASDAQ:TSLA) to $450 from $375 while keeping an Outperform rating on the shares.
               The firm told investors in a research note that it raised estimates in the autos space, reasoning that the US tariffs should have a minimal effect on new vehicle prices.
               It added that the US electric vehicle sales in August rose 17% year-over-year as consumers look to cash in before the Inflation Reduction Act credits end.
               Tesla, Inc. (NASDAQ:TSLA) designs, manufactures, and sells high-performance electric vehicles and energy generation and storage systems.
>>> TARGET >>> However, it isn't merely an automotive manufacturer; it also focuses on innovative technologies, including robotics and AI.
               The company has a humanoid robot line, Optimus, and an autonomous vehicle fleet, Cybercabs.","However, it isn't merely an automotive manufacturer; it also focuses on innovative technologies, including robotics and AI.",it,"However, <NAME> isn't merely an automotive manufacturer; it also focuses on innovative technologies, including robotics and AI.",,,,
coref-138292029-14,"               The language used on the call, which included mention of a hypothetical rare earths refinery, which ""we do desperately need in America,"" hinted at the time he has spent with President Trump over the past year.
               Tesla has been pulling away from its roots as a carmaker recently, in favor of autonomous software and robotics.
               ""It's time to basically bring the Model S and X programs to an end with an honorable discharge, because we're really moving into a future that is based on autonomy,"" Musk said.
               Musk noted that Tesla was operating 500 robotaxis across both Austin and San Francisco, and he said that it was conducting ""randomly selected paid rides"" with no safety driver in Austin, though it's unclear at this time how many unsupervised rides have taken place.
               For the first time, Tesla shared this quarter how many of its customers were purchasing its Full Self Driving (FSD) software: There were 1.1 million subscriptions in 2025, up from 800,000 in 2024.
>>> TARGET >>> Musk has been making promises on autonomy for over a decade, though he has been far behind in his timelines and the company has yet to deliver much profit from this line of business.
               On Wednesday's earnings call , CFO Vaibhav Taneja said of Tesla's robotaxi fleet that, because Tesla was still in the ""early phase"" of its fleet deployment and still doing a lot of validation and testing, the ""revenue and cost per mile metrics are not meaningful to discuss at the moment.""","Musk has been making promises on autonomy for over a decade, though he has been far behind in his timelines and the company has yet to deliver much profit from this line of business.",the company,"Musk has been making promises on autonomy for over a decade, though he has been far behind in his timelines and <NAME> has yet to deliver much profit from this line of business.",,,,
anaphora-137258402-20,"               Since this brand name is already well-established in China's wearables, smartphone, and smart home markets, many customers may choose to extend their trust to its vehicles for the same ecosystem benefits.
               China already has an extensive EV charging infrastructure, with 16.7 million charging points at the end of July 2025.
               Here, consumers are giving higher priority to range convenience and pricing over Tesla's global charging infrastructure and autonomous driving innovations.
               Xiaomi delivered 81,302 new EVs in the second quarter of fiscal 2025 (ended June 30) and over 30,000 vehicles in July.
               The company had completed cumulative deliveries of over 300,000 units by the end of July 2025.
>>> TARGET >>> The company's human-vehicle-home ecosystem is helping create a sticky customer base.
               When multiple devices such as smartphones, smart home appliances, and wearables work together seamlessly within an ecosystem, customers are less likely to switch to the competition.",The company's human-vehicle-home ecosystem is helping create a sticky customer base.,The company,<NAME> human-vehicle-home ecosystem is helping create a sticky customer base.,,,,
coref-141135352-22,"               An investment in Tesla now , though, is a speculative bet on its AI and robotics segments.
               It's still a profitable company selling EVs, but investors have bid the stock up beyond what that segment is worth.
               The stock trades at over 150 times forward earnings and even pushes 200 times, depending on earnings estimates.
               The EV business won't reach that valuation without a successful driverless robotaxi fleet.
               That's Musk's vision, though, along with a humanoid robot line that goes into mass production.
>>> TARGET >>> Speculating on the stock means believing in those new business lines.
               Both have massive potential, but come with high risk.",Speculating on the stock means believing in those new business lines.,the stock,Speculating on <NAME> means believing in those new business lines.,,,,
coref-139912041-11,"               Shares of Tesla have rallied 32.9% over this time frame, while the broader S&P 500 Index ( $SPX ) has gained 30.6% .
               However, on a YTD basis, the stock is down 15.8%, compared to SPX’s 4.7% rise.
               Narrowing the focus, TSLA has trailed the Global X Autonomous & Electric Vehicles ETF ( DRIV ), which soared 75.1% over the past 52 weeks and 22.9% on a YTD basis.
               On Apr. 22, TSLA delivered stronger-than-expected Q1 results, yet its shares plunged 3.6% in the following trading session.
               The company’s revenue increased 15.8% year-over-year to $22.4 billion, topping analyst expectations by 2.1%, while its adjusted EPS of $0.41 surpassed consensus estimates of $0.36.
>>> TARGET >>> Rising vehicle deliveries , especially in Europe and Asia, and notable improvements in gross and operating margins aided its performance.
               However, Elon Musk indicated that Tesla now plans to spend $25 billion this year , up $5 billion from prior guidance, to accelerate its push into AI and robotics.","Rising vehicle deliveries , especially in Europe and Asia, and notable improvements in gross and operating margins aided its performance.",its,"Rising vehicle deliveries , especially in Europe and Asia, and notable improvements in gross and operating margins aided <NAME> performance.",,,,
anaphora-138298475-10,"               The firm highlighted that this is the first time since June 2025 that Tesla, Inc. (NASDAQ:TSLA) is offering fully autonomous rides.
               This brings the company up to speed with competitors, including Waymo and Zoox.
               The adjustment follows Tesla's milestone of beginning to offer robotaxi rides without safety monitors to the public in Austin, marking the first time since the robotaxi service launched in June 2025 that riders can experience fully autonomous rides similar to competitors like Waymo and Zoox.
               The firm highlighted that only a few vehicles are operating fully autonomous yet, with other vehicles still using safety monitors.
               Barclays also noted that Tesla's Austin robotaxi operations remain modest, with only 30 to 50 total vehicles active after seven months of launch and only 10 running at once.
>>> TARGET >>> The firm highlighted that this falls far short of Elon Musk's October 2025 goal for 500 vehicles by year-end.
               Tesla, Inc. (NASDAQ:TSLA) is an automotive and clean energy company that leverages advanced artificial intelligence in its autonomous driving technology and robotics initiatives.",The firm highlighted that this falls far short of Elon Musk's October 2025 goal for 500 vehicles by year-end.,The firm,<NAME> highlighted that this falls far short of Elon Musk's October 2025 goal for 500 vehicles by year-end.,,,,
coref-139908164-14,"               It's also going up against some weaker comparables as 2025 was a tough year for the business, with both its net income and revenue down from the previous year.
               More importantly, however, investors are seeing the stock more as an artificial intelligence investment than a typical auto stock.
               Between robots, robotaxis, and a potential merger with SpaceX in the future, there are a flurry of other reasons investors are bullish on the business that go beyond just EVs.
               As long as that vision remains promising, CEO Elon Musk will continue to draw in many growth investors.
               Shares of Tesla are down around 16% this year, and so the temptation may be to buy it on the dip.
>>> TARGET >>> At $1.4 trillion, its market cap remains massive, but it may not be deterring given the opportunities in robotaxis and humanoid robots.
               According to estimates from Fortune Business Insights, the humanoid robot market alone will be worth more than $165 billion by 2034 (compared with just $6 billion this year).","At $1.4 trillion, its market cap remains massive, but it may not be deterring given the opportunities in robotaxis and humanoid robots.",its,"At $1.4 trillion, <NAME> market cap remains massive, but it may not be deterring given the opportunities in robotaxis and humanoid robots.",,,,
anaphora-141134038-40,"               I always say, well what do you want?
               And they go, I just want something reasonable, comfortable, reliable.
               And I say go buy a Tesla.
               I don't want a Tesla.
               It's the best choice.
>>> TARGET >>> It's there's no maintenance, it's simple.
               I I think it's a great thing for us.","It's there's no maintenance, it's simple.",It,"<NAME> there's no maintenance, it's simple.",,,,
anaphora-141129157-20,"               Alibaba's stock is down 11.36% year-to-date (YTD) , weighed down by increased AI spending, e-commerce losses, and sluggish consumer demand in China.
               Nonetheless, shares have risen 35.14% in the last month, boosted by robust cloud growth, lessening legal concerns, and, most importantly, reports regarding Tesla’s testing Qwen.
               From a valuation standpoint, BABA stock is trading at 19.66 times forward adjusted price-to-earnings along with 1.77 times forward sales.
               Both metrics remain above the industry averages, placing a premium value on the company’s stock compared with many of its peers.
               Alibaba also pays an annual dividend of $1.03 per share , giving the stock a dividend yield of 0.81%.
>>> TARGET >>> Moreover, the company paid its latest quarterly dividend of $1.03 per share on July 13 to shareholders of record as of June 11.
               Alibaba released its Q4 FY2026 results on May 13, sending the stock up 8.2% after the earnings announcement.","Moreover, the company paid its latest quarterly dividend of $1.03 per share on July 13 to shareholders of record as of June 11.",the company,"Moreover, <NAME> paid its latest quarterly dividend of $1.03 per share on July 13 to shareholders of record as of June 11.",,,,
anaphora-139912041-18,"               This elevated investment, focused on scaling initiatives such as Cybercabs and the Optimus humanoid robot, is expected to weigh on cash flows, with the company anticipating negative free cash flow for the remainder of 2026.
               Additionally, Musk struck a cautious tone on the robotaxi opportunity, noting that unsupervised self-driving technology still requires significant architectural advancements before it can be deployed at scale.
               These factors weighed on investor sentiment.
               For the current fiscal year, ending in December, analysts expect TSLA’s EPS to grow 21.1% year over year to $1.32.
               The company’s earnings surprise history is disappointing.
>>> TARGET >>> It fell short of the consensus estimates in each of the last four quarters.
               Among the 42 analysts covering the stock, the consensus rating is a "" Hold ,” which is based on 15 “Strong Buy,” two “Moderate Buy,” 17 “Hold,” and eight ""Strong Sell” ratings.",It fell short of the consensus estimates in each of the last four quarters.,It,<NAME> fell short of the consensus estimates in each of the last four quarters.,,,,
anaphora-141041608-30,"               The same logic applies to Robotaxis.
               Tesla has made encouraging progress and is now live in seven major metros.
               In these cities, Tesla continues to test its autonomous driving capabilities and gather real-world driving data.
               But demonstrating the technology in selected locations is very different from operating millions of driverless rides safely across hundreds of cities.
               That requires more than great software.
>>> TARGET >>> It requires regulatory approval, public trust, insurance frameworks, operational support, and an economic business model that scales.
               Each of those hurdles takes time.","It requires regulatory approval, public trust, insurance frameworks, operational support, and an economic business model that scales.",It,"<NAME> requires regulatory approval, public trust, insurance frameworks, operational support, and an economic business model that scales.",,,,
coref-139167808-3,"               Tesla 's ( TSLA +3.80% ) announcement that it was discontinuing production of its Model S and Model X surprised the market and caused many investors to conclude that Tesla was walking away from the electric vehicle (EV) arena.
               In fact, that's far from the truth, and the reality is much more nuanced.
               Here's why Tesla is ending production of two of its EVs.
>>> TARGET >>> On a recent earnings call, CEO Elon Musk explained the decision by saying, ""we're really moving into a future that is based on autonomy.""
               This fits with Tesla's goals, but it's important to understand the full context.","On a recent earnings call, CEO Elon Musk explained the decision by saying, ""we're really moving into a future that is based on autonomy.""",we,"On a recent earnings call, CEO Elon Musk explained the decision by saying, ""<NAME>'re really moving into a future that is based on autonomy.""",,,,
anaphora-138295490-8,"               Microsoft 's slide deepened Thursday, with shares falling over 10% after its earnings report spooked investors with higher-than-anticipated capital spending and a slowdown in quarterly cloud sales growth.
               That took some of the wind out of Meta's ( META ) earnings performance.
               Shares gained over 10% thanks to a surprisingly strong quarterly revenue outlook .
               And the company said it plans to spend up to $135 billion on its data center build-out this year, a boost to its push to win the AI race.
               Meanwhile, Tesla ( TSLA ) flipped to a loss, shedding over 3% as the company focused on a strategy shift from EVs to robots and a quarterly earnings beat .
>>> TARGET >>> But the company also saw its first-ever decline in annual revenue.
               Investors are now gearing up for Apple's ( AAPL ) quarterly earnings, due after the closing bell.",But the company also saw its first-ever decline in annual revenue.,the company,But <NAME> also saw its first-ever decline in annual revenue.,,,,
coref-139908240-37,"               Feedback loops that are short work better.
               It's one of the things that frustrates me about being a long-term investor.
               There is a lot of time in between me researching a company, coming up with an investment thesis, and seeing if my investment thesis was right; seeing if my right thesis even mattered in the end, and then adjusting my investment process as I go.
               A feedback loop that takes a long time isn't as attractive as a short feedback loop.
               That's really what Tesla is envisioning with Terafab.
>>> TARGET >>> Essentially, it wants to have everything in the semiconductor process all under one roof, and that way it can go through the entire iteration cycle, all the way to the finish, test it out, and then go back to the beginning and go again.
               I think it's so interesting.","Essentially, it wants to have everything in the semiconductor process all under one roof, and that way it can go through the entire iteration cycle, all the way to the finish, test it out, and then go back to the beginning and go again.",it,"Essentially, <NAME> wants to have everything in the semiconductor process all under one roof, and that way it can go through the entire iteration cycle, all the way to the finish, test it out, and then go back to the beginning and go again.",,,,
coref-141122355-202,"               I repeat, we have grown at such a high compounding rate on a week-over-week basis over the last several months.
               Not only that, we expect to continue growing at such a large rate through the rest of this year.
               The other thing to note is that for expanding to new cities, it has been relatively less effort on our front.
               We expect that the time to launch to a new city will continue to trend towards zero towards an end where we operate in the entire states as a whole instead of going by a city by city.
               Such growth was only possible because we have a world-class engineering team on the frontier AI development here at Tesla.
>>> TARGET >>> The currently operating robotaxi fleet is already running early versions of the v15 FSD software that we had referred to in the past.
               For v15, we had planned roughly about seven major improvement tracks, and they're all happening in parallel.",The currently operating robotaxi fleet is already running early versions of the v15 FSD software that we had referred to in the past.,we,The currently operating robotaxi fleet is already running early versions of the v15 FSD software that <NAME> had referred to in the past.,,,,
coref-141041608-44,"               Few companies possess that combination of assets, giving them an edge in bringing world-class products and potentially building hugely profitable businesses.
               Still, investors should also recognize that the path from breakthrough technology to commercial success is rarely linear.
               There will likely be setbacks, delays, and periods where spending grows faster than profits.
               That's simply the price of attempting something few companies achieved.
               Tesla's latest earnings weren't a warning that Robotaxis or Optimus won't happen.
>>> TARGET >>> They were a reminder that even Elon Musk recognizes how difficult the next phase will be.
               Inventing revolutionary products is extraordinarily difficult.",They were a reminder that even Elon Musk recognizes how difficult the next phase will be.,They,<NAME> were a reminder that even Elon Musk recognizes how difficult the next phase will be.,,,,
anaphora-139579132-11,"               Explore the Fire-Safe Energy Storage Company With $185M in Contracted Revenue According to the report, he was a key figure at xAI, reporting directly to Musk and overseeing the company's operations.
               Nordeen reportedly joined Musk after working at Tesla to help launch the AI startup in 2023.
               He had also played a role in organizing significant layoffs at X following Musk's takeover of the company in 2022.
               His exit reflects a broader pattern at xAI, which has experienced multiple high-profile departures in recent months.
               It comes amid a wave of exits that started with Igor Babuschkin , who left in August 2025 to launch a new AI safety venture, and several others in a short span of time.
>>> TARGET >>> Nordeen joins a list of co-founders who have left the company, including Manuel Kroiss , Guodong Zhang , Zihang Dai , Toby Pohlen , Jimmy Ba , Tony Wu , and Greg Yang .
               See Also: This Startup Thinks It Can Reinvent the Wheel — Literally Since SpaceX merged with xAI, the company has undergone major restructuring, with many leaders appointed by Musk to key projects departing.","Nordeen joins a list of co-founders who have left the company, including Manuel Kroiss , Guodong Zhang , Zihang Dai , Toby Pohlen , Jimmy Ba , Tony Wu , and Greg Yang .",the company,"Nordeen joins a list of co-founders who have left <NAME>, including Manuel Kroiss , Guodong Zhang , Zihang Dai , Toby Pohlen , Jimmy Ba , Tony Wu , and Greg Yang .",,,,
anaphora-138475837-23,"               This event was a transfer of 91 contract(s) at a $455.00 strike.
               This particular call needed to be split into 6 different trades to become filled.
               The total cost received by the writing party (or parties) was $57.7K , with a price of $635.0 per contract.
               There were 3201 open contracts at this strike prior to today, and today 46372 contract(s) were bought and sold.
               Regarding NKE (NYSE: NKE ), we observe a call option sweep with bearish sentiment.
>>> TARGET >>> It expires in 9 day(s) on January 9, 2026 .
               Parties traded 230 contract(s) at a $63.00 strike.","It expires in 9 day(s) on January 9, 2026 .",It,"<NAME> expires in 9 day(s) on January 9, 2026 .",,,,
coref-137601479-19,"               The delay is notable given his push to shorten development cycles and his ongoing pressure on manufacturing partners like Taiwan Semiconductor Manufacturing Co. (NYSE: TSM ) and Samsung Electronics Co. (OTC: SSNLF ) to speed up production, arguing that a five-year timeline is too slow for Tesla's pace of innovation.
               In October, Musk confirmed that Samsung would help produce the AI5 chip alongside TSMC — a move aimed at diversifying suppliers and increasing capacity.
               Although the AI5 chip is expected to significantly boost the intelligence of Tesla vehicles, the setback means the company's shift to the new hardware will take longer than planned.
               Musk added that Tesla expects to have samples — and possibly limited quantities — of the AI6 chip in 2026, but large-scale production won't begin until 2027.
               Benzinga's Edge Stock Rankings show that although Tesla's short-term price trend has slowed, the company continues to demonstrate strong medium and long-term growth potential.
>>> TARGET >>> Click here to see how it stacks up against its peers .
               Photo Courtesy: Mijansk786 on Shutterstock.com Trending Now: Wall Street's $12B Real Estate Manager Is Opening Its Doors to Individual Investors — Without the Crowdfunding Middlemen Earn",Click here to see how it stacks up against its peers .,it,Click here to see how <NAME> stacks up against its peers .,,,,
coref-137215862-24,"               Looking ahead, it's possible the automaker faces another difficult year in 2026, at least when it comes to EV sales.
               Major demand drivers -- including a federal tax credit that reduced the cost of a new EV by up to $7,500 -- will no longer be available.
               And promising competitors like Rivian plan to begin production of several models with starting prices under $50,000.
               Considering that more than 90% of Tesla's vehicle revenue now comes from just two affordable models, the Model Y and Model 3, increased competition in this category could add significant sales pressure next year.
               It maintains heavy technological and capital advantages versus the competition, but when it comes to raw EV sales, the near-term future is fairly gloomy.
>>> TARGET >>> Still, all of that will be manageable if the company can execute on perhaps the biggest growth opportunity in its history: robotaxis .
               Tesla launched its robotaxi service in Austin, Texas, earlier this year.","Still, all of that will be manageable if the company can execute on perhaps the biggest growth opportunity in its history: robotaxis .",the company,"Still, all of that will be manageable if <NAME> can execute on perhaps the biggest growth opportunity in its history: robotaxis .",,,,
coref-139909134-9,"               For all the attention on electric vehicles (EVs) , Tesla (TSLA) has always been chasing the bigger goal of autonomy.
               Under Elon Musk, that vision now stretches beyond cars, with AI, robotaxis, and humanoid robots like Optimus coming together as part of a much larger play.
               Speaking on Tesla’s Q1 earnings call, Musk said the company is substantially increasing investments for the future , with a notable rise in capital expenditures to support expanded manufacturing and production.
               He added that Tesla will continue spending heavily on autonomy, Optimus, and new vehicle ramps.
               Robotics is quickly becoming part of everyday tech, and Tesla wants a front-row seat.
>>> TARGET >>> Its Optimus V3 humanoid robot is designed to handle repetitive, real-world tasks , like factory work, logistics and even basic household support.
               Musk also laid out the clearest timeline yet, saying the company is pushing toward actually releasing Optimus, with the goal of making it useful outside the company as early as next year.","Its Optimus V3 humanoid robot is designed to handle repetitive, real-world tasks , like factory work, logistics and even basic household support.",Its,"<NAME> Optimus V3 humanoid robot is designed to handle repetitive, real-world tasks , like factory work, logistics and even basic household support.",,,,
anaphora-138295577-21,"               The company also said it would open its wallet and take out $20 billion for capital spending .
               That is about double what it was last year.
               The money, and part of the production facilities for the Model S and Model X, will boost Tesla’s investment into cars that really drive themselves completely and without human help.
               Self-driving tests of Tesla and Waymo robotaxis require a human to be involved, if only for safety if the self-driving feature fails to function.
               Musk says billions of dollars will go toward the new Optimus robot.
>>> TARGET >>> It will, he says, cut much of the need for human labor worldwide and “ eliminate poverty .”
               Companies have dreamed about making a fully operational robot for decades.","It will, he says, cut much of the need for human labor worldwide and “ eliminate poverty .”",It,"<NAME> will, he says, cut much of the need for human labor worldwide and “ eliminate poverty .”",,,,
anaphora-139579132-10,"               Take a quick quiz to see if you're prepared.
               Explore the Fire-Safe Energy Storage Company With $185M in Contracted Revenue According to the report, he was a key figure at xAI, reporting directly to Musk and overseeing the company's operations.
               Nordeen reportedly joined Musk after working at Tesla to help launch the AI startup in 2023.
               He had also played a role in organizing significant layoffs at X following Musk's takeover of the company in 2022.
               His exit reflects a broader pattern at xAI, which has experienced multiple high-profile departures in recent months.
>>> TARGET >>> It comes amid a wave of exits that started with Igor Babuschkin , who left in August 2025 to launch a new AI safety venture, and several others in a short span of time.
               Nordeen joins a list of co-founders who have left the company, including Manuel Kroiss , Guodong Zhang , Zihang Dai , Toby Pohlen , Jimmy Ba , Tony Wu , and Greg Yang .","It comes amid a wave of exits that started with Igor Babuschkin , who left in August 2025 to launch a new AI safety venture, and several others in a short span of time.",It,"<NAME> comes amid a wave of exits that started with Igor Babuschkin , who left in August 2025 to launch a new AI safety venture, and several others in a short span of time.",,,,
anaphora-139597954-28,"               It expires in 290 day(s) on January 15, 2027 .
               Parties traded 500 contract(s) at a $22.00 strike.
               The total cost received by the writing party (or parties) was $177.5K , with a price of $355.0 per contract.
               There were 5154 open contracts at this strike prior to today, and today 503 contract(s) were bought and sold.
               Regarding TSLA (NASDAQ: TSLA ), we observe a call option trade with bullish sentiment.
>>> TARGET >>> It expires in 626 day(s) on December 17, 2027 .
               Parties traded 5 contract(s) at a $5.00 strike.","It expires in 626 day(s) on December 17, 2027 .",It,"<NAME> expires in 626 day(s) on December 17, 2027 .",,,,
anaphora-137589013-17,"               Ultimately, it's difficult to predict what will happen next in terms of whether this marks the beginning of a pullback or a buy-the-dip opportunity.
               I don't think AI is about to become irrelevant, but the sector's path is unclear.
               Investors should be long-term-focused, and in my view, try to avoid some of the higher valuations out there, such as Tesla's.
               On its third-quarter 13F filing, Coatue reported positions in both the buy-now-pay-later (BNPL) company Klarna ( KLAR +8.16% ) and the collaborative design tech company Figma ( FIG +10.95% ) , both of which were high-profile IPOs this year.
               Figma went public with tremendous hype, opening at $33 per share and rising to a high of $143 per share, although it would be short-lived.
>>> TARGET >>> The company essentially provides a Google Docs-like workflow for designers and coders to collaborate on a range of projects, allowing multiple people to work on designs that can be easily translated into code for website or app implementation.
               The company also has AI components and is being integrated as a third party into ChatGPT.","The company essentially provides a Google Docs-like workflow for designers and coders to collaborate on a range of projects, allowing multiple people to work on designs that can be easily translated into code for website or app implementation.",The company,"<NAME> essentially provides a Google Docs-like workflow for designers and coders to collaborate on a range of projects, allowing multiple people to work on designs that can be easily translated into code for website or app implementation.",,,,
anaphora-141122361-1,"               Oops, something went wrong Base Power founder & CEO Zach Dell joins Yahoo Finance Executive Editor Brian Sozzi on Opening Bid to discuss how the AI boom is reshaping energy demand and what differentiates Base Power from competitors, including Tesla ( TSLA ).
>>> TARGET >>> This following company's $1 billion Series D funding round, which values the company at $13 billion post-money.
               Well, Brian, I think the reason Texas has become kind of the home of AI in in America is because it is the the energy capital of America.","This following company's $1 billion Series D funding round, which values the company at $13 billion post-money.",the company,"This following company's $1 billion Series D funding round, which values <NAME> at $13 billion post-money.",,,,
coref-138300027-1,"               Oops, something went wrong Pilot Travel Centers on Tuesday announced a partnership with Tesla to install Semi chargers at select locations to expand heavy-duty truck charging infrastructure.
>>> TARGET >>> The Knoxville, Tenn.-based company is one of the largest travel center operators in the U.S., with more than 900 locations across 44 states and five Canadian provinces.
               The initially announced Tesla Semi charger locations will be along I-5, I-10 and several major corridors where the need for heavy-duty charging is highest.","The Knoxville, Tenn.-based company is one of the largest travel center operators in the U.S., with more than 900 locations across 44 states and five Canadian provinces.","The Knoxville, Tenn.-based company","<NAME> is one of the largest travel center operators in the U.S., with more than 900 locations across 44 states and five Canadian provinces.",,,,
coref-139201472-7,"               Much of that valuation is tied to the company's self-driving technology , a technology that is expected to fuel its robotaxi ambitions.
               Some experts believe robotaxis will eventually be a $10 trillion global opportunity.
               Many investors are now looking for the next Tesla.
               Some believe they have found it with Lucid Group ( LCID -1.53% ) , a $3 billion EV maker with big tech dreams.
               There's only one problem with Lucid's plan for EV domination.
>>> TARGET >>> This flaw, in my eyes, makes the stock a sell over the long term.
               Last year, Lucid's leadership team revealed that, long-term, the company won't just be an EV manufacturer.","This flaw, in my eyes, makes the stock a sell over the long term.",the stock,"This flaw, in my eyes, makes <NAME> a sell over the long term.",,,,
anaphora-140446621-51,"               BOTT is the cleanest expression of the humanoid thesis and the fund that will move the most on Optimus and Figure milestones, in either direction.
               It suits investors who already believe humanoids will commercialize within the decade and want exposure that reflects that conviction.
               BOTZ is the option for investors who want exposure to humanoid technology without betting the position on Tesla.
               The Korean and Chinese humanoid holdings provide hard-to-replicate access, and the industrial automation core dampens the volatility that BOTT carries.
               ROBO is the choice for investors seeking exposure to the broader automation supply chain that benefits from humanoid adoption without relying on it.
>>> TARGET >>> It is the least humanoid of the three and the most diversified, which is a feature for some allocators and a bug for others.
               Contact [email protected] for any questions or corrections.","It is the least humanoid of the three and the most diversified, which is a feature for some allocators and a bug for others.",It,"<NAME> is the least humanoid of the three and the most diversified, which is a feature for some allocators and a bug for others.",,,,
anaphora-138306068-43,"               These aren’t separate decisions but coordinated moves to consolidate Musk’s AI ambitions under one funding umbrella.
               The SpaceX IPO becomes the linchpin, the capital event that lets xAI compete on equal footing with Big Tech.
               Reddit sentiment on Tesla sits at 17 to 39 (bearish range) during this period, with retail investors skeptical about Elon’s empire-building.
               But that misses the point.
               This isn’t about Tesla’s quarterly deliveries or brand value erosion.
>>> TARGET >>> It’s about whether Musk can raise enough capital to stay in the AI race.
               If SpaceX goes public at a $1.5 trillion valuation, he wins that battle regardless of what Tesla stock does next quarter.",It’s about whether Musk can raise enough capital to stay in the AI race.,It,<NAME> about whether Musk can raise enough capital to stay in the AI race.,,,,
coref-137591343-24,"               Trending: Bill Gates Invests Billions in Green Tech — This Tree-Free Material Could Be the Next Big Breakthrough
               And if you're wondering why it looks like something from a sci-fi movie, that's also on purpose.
               Musk said his son once asked him, ""Why does the world look like it's 2015?""
               That critique stuck with him.
               He wanted Tesla's vehicles to look like the future.
>>> TARGET >>> ""We want the future to look like the future,"" Musk said on the podcast.
               He made it clear that the Cybertruck wasn't meant to follow traditional design trends or aesthetics.","""We want the future to look like the future,"" Musk said on the podcast.",We,"""<NAME> want the future to look like the future,"" Musk said on the podcast.",,,,
coref-139210531-9,"               With billions already invested and billions more promised for additional innovation, few EV stocks will be able to match the scale or pace of Tesla's autonomy ambitions.
               Big tech firms, with their massive budgets and world-class talent pools, are arguably Tesla's biggest competitors long term.
               But if I had to pick a pure-play EV stock to rival Tesla over the coming years, it would have to be Rivian Automotive ( RIVN -0.69% ) .
               And there's one obvious reason why.
               Tesla arguably has the lead when it comes to autonomous driving for two reasons.
>>> TARGET >>> First, it invested in AI earlier than much of the competition.
               Second, it controls its own means of production.","First, it invested in AI earlier than much of the competition.",it,"First, <NAME> invested in AI earlier than much of the competition.",,,,
anaphora-139574192-19,"               The million mile battery claim for the Tesla Semi goes straight to the economics of long haul freight, where vehicle uptime and replacement cycles matter as much as sticker price.
               For trucking operators comparing the Semi with diesel trucks from manufacturers like Daimler Truck, Volvo or PACCAR, a battery that is designed for very long service life could change how they think about depreciation, residual values and maintenance planning.
               For Tesla, this keeps one foot firmly in real world transport use cases at a time when much of the conversation has shifted to Terafab chip plants, humanoid robots and robotaxis.
               The focus on long life batteries for the Semi supports the narrative that Tesla wants to build high margin software and services on top of a large installed base.
               Durable trucks can keep more vehicles in service for longer, which is helpful for features such as autonomy and fleet management tools.
>>> TARGET >>> It also highlights a capital intensive, hardware heavy part of the business that sits alongside already high spending on AI, chips and factories.
               This ties back to concerns in the narrative about margin pressure and execution risk.","It also highlights a capital intensive, hardware heavy part of the business that sits alongside already high spending on AI, chips and factories.",It,"<NAME> also highlights a capital intensive, hardware heavy part of the business that sits alongside already high spending on AI, chips and factories.",,,,
coref-140729388-25,"               “Come earnings, Tesla will soar,” they said, while highlighting the market potential for the Tesla Semi truck, of which the company has started volume production at its gigafactory in Nevada.
               Advertisement | Remove ads.
               Another user echoed the sentiment, saying that the stock is “way oversold.”
               Advertisement | Remove ads.
               According to data from Koyfin, 23 of the analysts covering TSLA rate it Buy or higher, while 18 rate it Hold, and six rate it Sell or Strong Sell.
>>> TARGET >>> The 12-month average price target on the stock is $421.16, representing a potential upside of about 12% from the stock’s last close.
               TSLA stock has fallen by about 15% year-to-date.","The 12-month average price target on the stock is $421.16, representing a potential upside of about 12% from the stock’s last close.",the stock,"The 12-month average price target on <NAME> is $421.16, representing a potential upside of about 12% from the stock’s last close.",,,,
anaphora-141076113-5,"               Advertisement | Remove ads.
               Advertisement | Remove ads.
               Meta Platforms, Inc. (META) outperformed Alphabet Inc. (GOOGL) and Tesla Inc. (TSLA) among the Magnificent Seven in July, even as investors grew increasingly cautious over the company’s mounting artificial intelligence spending commitments.
               Meta shares fell about 4% over the past month, but still held up better than Alphabet’s (GOOG) 6% drop and Tesla’s (TSLA) 27% plunge.
               Advertisement | Remove ads.
>>> TARGET >>> Morningstar maintained its $850 fair value estimate on Meta, implying a 58% upside from current levels, and said the market’s reaction to the company’s latest earnings was too severe.
               The firm’s bullish case rests largely on the view that Meta’s AI investments are already improving the economics of its core advertising business.","Morningstar maintained its $850 fair value estimate on Meta, implying a 58% upside from current levels, and said the market’s reaction to the company’s latest earnings was too severe.",the company,"Morningstar maintained its $850 fair value estimate on Meta, implying a 58% upside from current levels, and said the market’s reaction to <NAME> latest earnings was too severe.",,,,
anaphora-141104220-25,"               After being passed by Bernard Arnault and falling to the second-richest person in the world, Musk regained the title of richest man in the world in 2023 thanks to a recovery in Tesla's share price.
               Musk's wealth increased by $92.0 billion in 2023 in one of the biggest one-year jumps ever, ending the year worth $229 billion.
               The Tesla CEO ended 2025 worth an estimated $619 billion, according to Bloomberg.
               There is also a new pay package from Tesla that could pay Musk nearly $1 trillion in compensation if he reaches certain milestones, which could significantly add to his wealth over time.
               See Also: Skip the Regrets: The Essential Retirement Tips Experts Wish Everyone Knew Earlier.
>>> TARGET >>> Ellison owns 41% of Oracle, a stake that has been boosted thanks to the company's aggressive buybacks in recent years.
               Ellison owned 22% of the company 15 years ago, but the buybacks and minimal selling have boosted his stake, according to Forbes.","Ellison owns 41% of Oracle, a stake that has been boosted thanks to the company's aggressive buybacks in recent years.",the company,"Ellison owns 41% of Oracle, a stake that has been boosted thanks to <NAME> aggressive buybacks in recent years.",,,,
anaphora-140421245-17,"               Nell Minow, chair of ValueEdge Advisors, told Fortune they were “deeply troubling.”
               SpaceX’s auditor, PwC, refused to treat the deals as normal leases and instead called them “failed sale leasebacks,” forcing SpaceX to record $9 billion as related-party debt payable to the firm of one of SpaceX’s own directors.
               It pays to have friends in high places—and if your best friend happens to be the richest man in the world , that’s even better.
               Antonio Gracias is Elon Musk’s best friend.
               The two met through the Silicon Valley web at the turn of the century, when Tesla was teetering on bankruptcy .
>>> TARGET >>> Gracias loaned Musk $1 million to keep the company alive.
               Since that time, he has sat on the boards of Tesla, SpaceX, SolarCity, Neuralink and The Boring Company.",Gracias loaned Musk $1 million to keep the company alive.,the company,Gracias loaned Musk $1 million to keep <NAME> alive.,,,,
anaphora-141104220-26,"               Musk's wealth increased by $92.0 billion in 2023 in one of the biggest one-year jumps ever, ending the year worth $229 billion.
               The Tesla CEO ended 2025 worth an estimated $619 billion, according to Bloomberg.
               There is also a new pay package from Tesla that could pay Musk nearly $1 trillion in compensation if he reaches certain milestones, which could significantly add to his wealth over time.
               See Also: Skip the Regrets: The Essential Retirement Tips Experts Wish Everyone Knew Earlier.
               Ellison owns 41% of Oracle, a stake that has been boosted thanks to the company's aggressive buybacks in recent years.
>>> TARGET >>> Ellison owned 22% of the company 15 years ago, but the buybacks and minimal selling have boosted his stake, according to Forbes.
               Along with his stake in Oracle, Ellison has a stake in Tesla and owns around 50% of Paramount Skydance .","Ellison owned 22% of the company 15 years ago, but the buybacks and minimal selling have boosted his stake, according to Forbes.",the company,"Ellison owned 22% of <NAME> 15 years ago, but the buybacks and minimal selling have boosted his stake, according to Forbes.",,,,
anaphora-141145314-7,"               Musk said Terafab Texas would become the most valuable building on Earth by far.
               Tesla and SpaceX plan to invest $16.8 billion to start construction.
               Total spending could reach $119 billion across multiple phases, according to regulatory filings reported this week.
               Musk made the claim in a post on X, where he also praised the factory’s planned design.
               Analyst estimates suggest the facility could generate more than one trillion watts of AI computing capacity each year.
>>> TARGET >>> It will rely on two-nanometer chip technology, among the most advanced processes available today.
               Social media users quickly compared Terafab’s footprint to some of the largest structures on the planet.","It will rely on two-nanometer chip technology, among the most advanced processes available today.",It,"<NAME> will rely on two-nanometer chip technology, among the most advanced processes available today.",,,,
anaphora-140728383-22,"               Developer Sterling Bay previously purchased the Desplaines site for $23.5 million in 2012.
               Washington Capital's 2023 loan provided financing for construction costs tied to the Tesla lease.
               Tesla rented about 116,000 square feet to convert the existing industrial building into a service and maintenance facility as well as a showroom.
               The loan agreement allocated funds for a $1.2 million tenant improvement allowance and an approved project budget of $9.3 million set to be funded by 601W, with Tesla set to pick up the remaining costs of its project, according to documents filed in the lawsuit.
               The foreclosure adds to a series of financial challenges for 601W in the office market.
>>> TARGET >>> Earlier this month, the firm defaulted on a $343 million loan backed by the 40-story office tower at One South Wacker Drive .
               Blackstone Mortgage Trust originated that debt in 2018, and about half of the loan was packaged into a commercial mortgage-backed security offering.","Earlier this month, the firm defaulted on a $343 million loan backed by the 40-story office tower at One South Wacker Drive .",the firm,"Earlier this month, <NAME> defaulted on a $343 million loan backed by the 40-story office tower at One South Wacker Drive .",,,,
anaphora-138290183-10,"               Tesla has also been forced to grapple with fast-growing Chinese rivals, including electric car maker BYD, which have attempted to undercut the US business.
               Compounding the issue, sales have also been hit by the removal of electric vehicle subsidies by Mr Trump.
               In the UK, a vehicle excise duty exemption for electric cars was also scrapped last April.
               Tesla last month reported its biggest ever fall in annual car sales.
               The company sold 418,227 cars in the final three months of 2025 - a 15.6pc drop on the Christmas quarter a year earlier.
>>> TARGET >>> It meant annual sales fell by 8.6pc, the second consecutive year that sales have fallen.
               With sales declining, Mr Musk has instead pinned Tesla's hopes on robotaxis and autonomous humanoid robots.","It meant annual sales fell by 8.6pc, the second consecutive year that sales have fallen.",It,"<NAME> meant annual sales fell by 8.6pc, the second consecutive year that sales have fallen.",,,,
anaphora-138294592-23,"               Um, and um, and I think probably the value of the the the Tesla, the sort of partial people adding or subtracting their cars to the Tesla autonomous fleet is probably a little um, underweighted, underweighted by a lot of people because we've got millions of cars with AI4 that can do this.
               So, um, so it's that that that it it might potentially
               I I think it will um provide an opportunity for a lot of customers to um earn more by lending their car to the fleet than their lease cost to Tesla.
               Um, yeah, which is kind of it's kind of like you
               you you you get you get in that scenario, you basically get paid to own a Tesla.
>>> TARGET >>> It's it's quite a good scenario.
               Um, and uh, and and we we expect to have uh fully autonomous vehicles in, um, you know, probably, I don't know, somewhere between a quarter and a half of the United States by the end of the year, uh, pending regulatory approval.",It's it's quite a good scenario.,It,<NAME> it's quite a good scenario.,,,,
anaphora-137586696-6,"               The first part of the year brought a steep decline in share price as investors grappled with declining global sales, profits , and consumer backlash from Elon Musk's political antics.
               The next tale was of Tesla's swift and significant rebound in share price as investors looked to the future possibilities in artificial intelligence , robotics , and robotaxis .
               Tesla's next small speed bump has arrived, and this one comes in the form of disappointing news in a key market.
               Just about every automaker in China is having a rough time.
               The market much more quickly adopted electric vehicles (EVs) and the government helped subsidize domestic automakers to bolster their technology and innovation.
>>> TARGET >>> It worked almost too well and the result was a plethora of advanced domestic electric vehicle makers that created a brutal price war.
               It dealt massive blows to foreign automakers that couldn't compete on product, price, or both.",It worked almost too well and the result was a plethora of advanced domestic electric vehicle makers that created a brutal price war.,It,<NAME> worked almost too well and the result was a plethora of advanced domestic electric vehicle makers that created a brutal price war.,,,,
coref-141048235-16,"               An expanding ecosystem of driverless cars on the road will also help it improve its self-driving software, thanks to the real-world data these vehicles will collect, which will help it train its software.
               Tesla's robotaxi business may boost the company's profits and margins.
               The company could also develop much more capable versions of its Optimus humanoid robots.
               If these robots can achieve a level where they can perform many tasks just as well -- if not better -- than humans, they could experience strong demand and potentially transform the labor market.
               Tesla would reap significant financial benefits from that.
>>> TARGET >>> In the meantime, the EV maker could remain the top player in the market where it made its name.
               Tesla could run into several obstacles.","In the meantime, the EV maker could remain the top player in the market where it made its name.",the EV maker,"In the meantime, <NAME> could remain the top player in the market where it made its name.",,,,
anaphora-137235086-7,"               First Half 2025 Highlights Total revenue increased by 9% to $222.3 million for the six months ended June 30, 2025, from $203.1 million for the six months ended June 30, 2024.
               Net loss for the six months ended June 30, 2025, of $5.5 million, compared to $60.1 million in the prior year period.
               Adjusted EBITDA for the six months ended June 30, 2025, of $2.5 million, compared to $6 million in the prior year period.
               EV insurance premiums for the six months ended June 30, 2025, increased 111.3% to $697.6 million compared to $330.2 million in the prior year period.
               Tesla: Deepened collaboration with Tesla on its renewal business, and SunCar's newly added benefits package is now available for purchase directly from Tesla's official app.
>>> TARGET >>> Xiaomi: Strengthened partnership with Xiaomi, recently taking over management of the company's insurance renewal business to help mitigate the risk of policies lapsing.
               Delivered system optimizing user experience for NIO Inc.'s brands, NIO, Onvo, and Firefly, significantly improving the efficiency of insurance policy issuance.","Xiaomi: Strengthened partnership with Xiaomi, recently taking over management of the company's insurance renewal business to help mitigate the risk of policies lapsing.",the company,"Xiaomi: Strengthened partnership with Xiaomi, recently taking over management of <NAME> insurance renewal business to help mitigate the risk of policies lapsing.",,,,
coref-139582672-21,"               While Tesla bulls often focus heavily on the promise of robotics and autonomous driving, Tesla's core automotive operations are navigating a challenging stretch.
               Full-year vehicle deliveries fell 9% year over year, and full-year automotive revenue declined 10% year over year.
               Even more, this challenging environment for vehicle deliveries is expected to persist.
               Wall Street analysts are, on average, expecting the company to report about 366,000 deliveries for the first quarter.
               While that would represent an 9% increase from the 336,681 vehicles delivered in the year-ago quarter, that prior-year period was artificially depressed by factory retooling.
>>> TARGET >>> More concerning is the sequential trend: 366,000 deliveries would represent a steep 13% drop from the 418,227 vehicles the company handed over to customers in the fourth quarter.
               Additionally, management is investing heavily in next-generation growth technologies -- specifically, autonomous driving, custom chips, and humanoid robots.","More concerning is the sequential trend: 366,000 deliveries would represent a steep 13% drop from the 418,227 vehicles the company handed over to customers in the fourth quarter.",the company,"More concerning is the sequential trend: 366,000 deliveries would represent a steep 13% drop from the 418,227 vehicles <NAME> handed over to customers in the fourth quarter.",,,,
