sample_id,stratum,article_id,sent_idx,text,mentions_target,mentions_ceo,is_comparative,target_is_subject,resolved_by_anaphora,resolved_by_coref,is_boilerplate,char_len,anaphor_char_start,anaphor_char_end,pos,neg,neu,absa_text,absa_aspect,absa_pos,absa_neg,absa_neu
absa_flat-136476535-31,absa_flat,136476535,31,"Two months after Tesla rolled out its first commercial robotaxi service in Austin, the big question is—how's it really going?",True,False,False,True,False,False,False,125,,,0.06197158992290497,0.020969092845916748,0.9170593619346619,"Two months after Tesla rolled out its first commercial robotaxi service in Austin, the big question is—how's it really going?",Tesla,0.06034649536013603,0.008225719444453716,0.9314278960227966
absa_flat-136502639-10,absa_flat,136502639,10,"we we we own our own drones, we build our own drones, we manufacture our own drones.",True,False,False,False,False,True,False,84,6,8,0.03580930829048157,0.02477451041340828,0.9394161701202393,"we we Tesla own our own drones, we build our own drones, we manufacture our own drones.",Tesla,0.00648934580385685,0.004070948343724012,0.9894396662712097
absa_flat-136502644-1,absa_flat,136502644,1,"It initially attracted a lot of attention because it was led by Peter Rawlinson, Tesla 's ( TSLA +3.80% ) former chief vehicle engineer who developed the Model S. Lucid started delivering its Air sedan that October.",True,False,True,False,False,False,False,215,,,0.12094654887914658,0.010466269217431545,0.8685871362686157,"It initially attracted a lot of attention because it was led by Peter Rawlinson, Tesla 's ( TSLA +3.80% ) former chief vehicle engineer who developed the Model S. Lucid started delivering its Air sedan that October.",Tesla,0.08763384073972702,0.009251261129975319,0.903114914894104
absa_flat-136507773-11,absa_flat,136507773,11,TSLA PE Ratio (Forward) data by YCharts.,True,False,False,False,False,False,False,40,,,0.025693221017718315,0.027916431427001953,0.9463903307914734,TSLA PE Ratio (Forward) data by YCharts.,Tesla,0.010942085646092892,0.016900088638067245,0.9721578359603882
absa_flat-136573023-11,absa_flat,136573023,11,"Related articles Piper Sandler: Tesla Gigafactory tour highlights robo-taxi, Semi, and Optimus plan Clients buying into summer rally, bracing for later pullback, says BofA's Hartnett Apollo economist warns: AI bubble now bigger than 1990s tech mania",True,False,False,True,False,False,False,249,,,0.17650149762630463,0.39526328444480896,0.42823517322540283,"Related articles Piper Sandler: Tesla Gigafactory tour highlights robo-taxi, Semi, and Optimus plan Clients buying into summer rally, bracing for later pullback, says BofA's Hartnett Apollo economist warns: AI bubble now bigger than 1990s tech mania",Tesla,0.057829853147268295,0.0841563269495964,0.8580137491226196
absa_flat-136581241-33,absa_flat,136581241,33,Tesla currently trades at a P/S ratio of 11.61x.,True,False,False,True,False,False,False,48,,,0.037793029099702835,0.017083408311009407,0.9451236128807068,Tesla currently trades at a P/S ratio of 11.61x.,Tesla,0.022090250626206398,0.00914577767252922,0.9687640070915222
absa_flat-136861499-32,absa_flat,136861499,32,Whether a stock's current price rightly reflects the intrinsic value of the underlying business and the company's growth prospects is an essential determinant of its future price performance.,True,False,False,False,True,False,False,191,100,111,0.07222828269004822,0.02201462723314762,0.9057571291923523,Whether a stock's current price rightly reflects the intrinsic value of the underlying business and Tesla's growth prospects is an essential determinant of its future price performance.,Tesla,0.014777801930904388,0.002607739297673106,0.9826144576072693
absa_flat-136865903-49,absa_flat,136865903,49,"Autonomous fleets could slash fares, boost availability, and rival taxis and apps, powering Tesla’s next growth engine while staying true to its sustainable energy mission.",True,False,False,False,False,False,False,172,,,0.7835800647735596,0.01466821413487196,0.20175175368785858,"Autonomous fleets could slash fares, boost availability, and rival taxis and apps, powering Tesla’s next growth engine while staying true to its sustainable energy mission.",Tesla,0.04534923657774925,0.005130300763994455,0.949520468711853
absa_flat-136882833-12,absa_flat,136882833,12,Tesla claims Optimus could one day represent 80% of its future value.,True,False,False,True,False,False,False,69,,,0.3358207643032074,0.009553512558341026,0.6546257138252258,Tesla claims Optimus could one day represent 80% of its future value.,Tesla,0.01602305844426155,0.006841813214123249,0.977135181427002
absa_flat-136885569-16,absa_flat,136885569,16,"But Musk's warning doesn't mention his reputational hit stemming from his political involvement in the Trump administration, the rise of more competition, and consumer preferences for vehicles like hybrids that have Tesla and the EV industry as a whole worried.",True,True,False,False,False,False,False,261,,,0.12142457813024521,0.4486674666404724,0.4299079477787018,"But Musk's warning doesn't mention his reputational hit stemming from his political involvement in the Trump administration, the rise of more competition, and consumer preferences for vehicles like hybrids that have Tesla and the EV industry as a whole worried.",Tesla,0.02150738425552845,0.07078792154788971,0.9077046513557434
absa_flat-136913564-12,absa_flat,136913564,12,"Start with what we know: Tesla delivered about 384,000 vehicles in the second quarter, it delivered roughly 463,000 in last year's third quarter, and outside Europe there are mixed but not universally negative signals.",True,False,False,True,False,False,False,218,,,0.018787316977977753,0.9066041707992554,0.0746084675192833,"Start with what we know: Tesla delivered about 384,000 vehicles in the second quarter, it delivered roughly 463,000 in last year's third quarter, and outside Europe there are mixed but not universally negative signals.",Tesla,0.04230918735265732,0.07124246656894684,0.8864483833312988
absa_flat-137230896-14,absa_flat,137230896,14,"​You can read her full letter to Tesla shareholders below: For this story, Fortune used generative AI to help with an initial draft.",True,False,False,False,False,False,False,132,,,0.046213939785957336,0.015217509120702744,0.9385684728622437,"​You can read her full letter to Tesla shareholders below: For this story, Fortune used generative AI to help with an initial draft.",Tesla,0.0031173592433333397,0.002084519015625119,0.9947980642318726
absa_flat-137247798-95,absa_flat,137247798,95,They're releasing their next generational battery storage system.,True,False,False,False,False,True,False,65,0,4,0.2076299637556076,0.010848131962120533,0.7815219163894653,Tesla're releasing their next generational battery storage system.,Tesla,0.05740295723080635,0.003329820930957794,0.9392671585083008
absa_flat-137591345-3,absa_flat,137591345,3,Musk said his engineering team has already designed and deployed several million AI chips in its cars and data centers.,True,True,False,False,False,True,False,119,93,96,0.267897367477417,0.008918959647417068,0.7231836915016174,Musk said his engineering team has already designed and deployed several million AI chips in Tesla's cars and data centers.,Tesla,0.03140801936388016,0.005462976638227701,0.9631289839744568
absa_flat-137592686-34,absa_flat,137592686,34,"In the U.S., Tesla's home turf, sales of EVs rose from 1.2 to 1.3 million.",True,False,False,True,False,False,False,74,,,0.954592227935791,0.016746705397963524,0.028661098331212997,"In the U.S., Tesla's home turf, sales of EVs rose from 1.2 to 1.3 million.",Tesla,0.04815634712576866,0.005171244032680988,0.9466723799705505
absa_flat-137619049-6,absa_flat,137619049,6,"Namely, he has been placing a greater emphasis on Optimus robots and robotaxis.",True,False,False,False,False,True,False,79,,,0.14092384278774261,0.011150890961289406,0.8479253053665161,"Namely, he has been placing a greater emphasis on Optimus robots and robotaxis.",Tesla,0.0217549167573452,0.004863189999014139,0.9733818769454956
absa_flat-137897192-41,absa_flat,137897192,41,"Part of Musk's massive incentive plan at Tesla, which is valued at as much as $1 trillion with stock options, is contingent on his successfully building 1 million Optimus robots.",True,True,False,True,False,False,False,178,,,0.3797830045223236,0.008223914541304111,0.611993134021759,"Part of Musk's massive incentive plan at Tesla, which is valued at as much as $1 trillion with stock options, is contingent on his successfully building 1 million Optimus robots.",Tesla,0.03443979471921921,0.014843002893030643,0.9507171511650085
absa_flat-137934628-52,absa_flat,137934628,52,It’s… Tesla (NASDAQ:,True,False,False,False,False,False,False,20,,,0.05338577181100845,0.017883507534861565,0.9287307262420654,It’s… Tesla (NASDAQ:,Tesla,0.005987315904349089,0.0015956256538629532,0.9924170970916748
absa_flat-137950136-6,absa_flat,137950136,6,"The Tesla Semi pilot took place in Livermore, Calif. over two weeks in October 2026, where the all-electric truck covered over 3,000 miles of regular routes.",True,False,False,True,False,False,False,157,,,0.0702163428068161,0.013849371112883091,0.9159342646598816,"The Tesla Semi pilot took place in Livermore, Calif. over two weeks in October 2026, where the all-electric truck covered over 3,000 miles of regular routes.",Tesla,0.0520922876894474,0.004072196781635284,0.9438354969024658
absa_flat-138304026-9,absa_flat,138304026,9,"Fremont Factory Use: Tesla will retool its Fremont, California, factory to begin production of the Optimus humanoid robot.",True,False,False,True,False,False,False,122,,,0.15796619653701782,0.009983884170651436,0.8320499062538147,"Fremont Factory Use: Tesla will retool its Fremont, California, factory to begin production of the Optimus humanoid robot.",Tesla,0.02107262797653675,0.0061483364552259445,0.9727789759635925
absa_flat-138432280-5,absa_flat,138432280,5,"However, the company's Robotaxi operations could be at a smaller scale than what was originally planned, according to a Robotaxi tracker developed by a student.",True,False,False,False,False,True,False,160,9,22,0.044930167496204376,0.270279198884964,0.6847906708717346,"However, Tesla's Robotaxi operations could be at a smaller scale than what was originally planned, according to a Robotaxi tracker developed by a student.",Tesla,0.0033707215916365385,0.04851284995675087,0.9481164216995239
absa_flat-138723707-15,absa_flat,138723707,15,Tesla (NASDAQ: TSLA ) CEO Elon Musk recognized the important role of H‑1B workers in the U.S. but urged a balanced approach to immigration.,True,True,False,True,False,False,False,139,,,0.4099982976913452,0.02034224383533001,0.5696594715118408,Tesla (NASDAQ: TSLA ) CEO Elon Musk recognized the important role of H‑1B workers in the U.S. but urged a balanced approach to immigration.,Tesla,0.023397697135806084,0.0033570441883057356,0.9732452630996704
absa_flat-139167808-2,absa_flat,139167808,2,Here's why Tesla is ending production of two of its EVs.,True,False,False,True,False,False,False,56,,,0.008811503648757935,0.9425511360168457,0.048637423664331436,Here's why Tesla is ending production of two of its EVs.,Tesla,0.0027677842881530523,0.025883782655000687,0.9713484644889832
absa_flat-139196875-5,absa_flat,139196875,5,Investors are also paying attention to Tesla's core car business — the company's main source of revenue.,True,False,False,False,False,False,False,104,,,0.3114059269428253,0.01117378007620573,0.6774203181266785,Investors are also paying attention to Tesla's core car business — the company's main source of revenue.,Tesla,0.01991814188659191,0.00784373003989458,0.9722380638122559
absa_flat-139197276-33,absa_flat,139197276,33,"In predicting a stock's future price performance, it's crucial to determine whether its current price correctly reflects the intrinsic value of the underlying business and the company's growth prospects.",True,False,False,False,True,False,False,203,172,183,0.08075349777936935,0.01889336109161377,0.9003531336784363,"In predicting a stock's future price performance, it's crucial to determine whether its current price correctly reflects the intrinsic value of the underlying business and Tesla's growth prospects.",Tesla,0.030957063660025597,0.0051611121743917465,0.9638817310333252
absa_flat-139248418-2,absa_flat,139248418,2,• Tesla stock is taking a breather.,True,False,False,True,False,False,False,35,,,0.03751932457089424,0.8308128118515015,0.1316678524017334,• Tesla stock is taking a breather.,Tesla,0.023294739425182343,0.028710873797535896,0.9479944109916687
absa_flat-139248418-23,absa_flat,139248418,23,The question is how much demand and whether Tesla will publicly share figures or comments on demand.,True,False,False,True,False,False,False,100,,,0.027642227709293365,0.03564814478158951,0.9367097020149231,The question is how much demand and whether Tesla will publicly share figures or comments on demand.,Tesla,0.004582728259265423,0.01250196062028408,0.9829152822494507
absa_flat-139553621-24,absa_flat,139553621,24,"Separately, Musk’s lawyers demanded this week that Delaware Chancellor Kathaleen McCormick recuse herself from two Tesla Inc (NASDAQ: TSLA ) shareholder lawsuits, accusing her of bias after her LinkedIn account appeared to endorse a post celebrating his California loss.",True,True,False,False,False,False,False,270,,,0.021081889048218727,0.8785569667816162,0.10036112368106842,"Separately, Musk’s lawyers demanded this week that Delaware Chancellor Kathaleen McCormick recuse herself from two Tesla Inc (NASDAQ: TSLA ) shareholder lawsuits, accusing her of bias after her LinkedIn account appeared to endorse a post celebrating his California loss.",Tesla,0.018986418843269348,0.0397670716047287,0.9412465691566467
absa_flat-139570229-3,absa_flat,139570229,3,"The Q1 2026 figure also represents an 8% YoY increase from the 336,681 units the company delivered in Q1 2025.",True,False,False,False,False,True,False,110,77,88,0.9512225389480591,0.020011965185403824,0.028765475377440453,"The Q1 2026 figure also represents an 8% YoY increase from the 336,681 units Tesla delivered in Q1 2025.",Tesla,0.03859475627541542,0.004556613974273205,0.956848680973053
absa_flat-139570229-6,absa_flat,139570229,6,"For 2026, analysts estimate Tesla to deploy over 65.2 GWh worth of batteries.",True,False,False,False,False,False,False,77,,,0.8189244270324707,0.007392130792140961,0.17368349432945251,"For 2026, analysts estimate Tesla to deploy over 65.2 GWh worth of batteries.",Tesla,0.03503930941224098,0.004367487970739603,0.9605932235717773
absa_flat-139902984-13,absa_flat,139902984,13,"Drivers include Cybercab pilot production at Giga Texas, Tesla Semi and Megapack 3 volume ramps in 2026, FSD active subscriptions at 1.28 million (+51% YoY), and AI5 chip tape-out completed in April.",True,False,False,False,False,False,False,199,,,0.2693570852279663,0.010943442583084106,0.719699501991272,"Drivers include Cybercab pilot production at Giga Texas, Tesla Semi and Megapack 3 volume ramps in 2026, FSD active subscriptions at 1.28 million (+51% YoY), and AI5 chip tape-out completed in April.",Tesla,0.07754474133253098,0.0051639629527926445,0.9172913432121277
absa_flat-139903984-3,absa_flat,139903984,3,"At the National Governors Association Summer Meeting in July 2017, the Tesla and SpaceX l aid out a vision that sounded almost too simple for a room filled with policymakers.",True,False,True,True,False,False,False,174,,,0.07116822153329849,0.028410568833351135,0.900421142578125,"At the National Governors Association Summer Meeting in July 2017, the Tesla and SpaceX l aid out a vision that sounded almost too simple for a room filled with policymakers.",Tesla,0.03697812557220459,0.0029373890720307827,0.9600845575332642
absa_flat-139923125-7,absa_flat,139923125,7,Don't Miss: NVIDIA & Tesla Steal the Spotlight — RAD Intel Emerges as an AI Stock Worth Watching Most Retirement Plans Ignore Taxes — See If Yours Does Munger answered first and kept it direct.,True,False,True,False,False,False,False,193,,,0.2517438232898712,0.010835424065589905,0.7374207377433777,Don't Miss: NVIDIA & Tesla Steal the Spotlight — RAD Intel Emerges as an AI Stock Worth Watching Most Retirement Plans Ignore Taxes — See If Yours Does Munger answered first and kept it direct.,Tesla,0.0962691605091095,0.02093321457505226,0.8827975392341614
absa_flat-139928252-25,absa_flat,139928252,25,But one thing too is what do you make of all the spending that they're doing right now?,True,False,False,False,False,True,False,87,63,67,0.036213219165802,0.04624658823013306,0.9175401329994202,But one thing too is what do you make of all the spending that Tesla're doing right now?,Tesla,0.0006308832089416683,0.006717863492667675,0.9926512837409973
absa_flat-140420918-21,absa_flat,140420918,21,"Earlier, Tesla Inc. (NASDAQ: TSLA ) CEO Elon Musk defended his tax record , saying he had paid over $10 billion in a single year and would likely face significant lifetime taxation, including high rates on stock options and potential estate taxes.",True,True,False,True,False,False,False,247,,,0.022653287276625633,0.8822129368782043,0.09513376653194427,"Earlier, Tesla Inc. (NASDAQ: TSLA ) CEO Elon Musk defended his tax record , saying he had paid over $10 billion in a single year and would likely face significant lifetime taxation, including high rates on stock options and potential estate taxes.",Tesla,0.0115575036033988,0.06400078535079956,0.9244416356086731
absa_flat-140427269-12,absa_flat,140427269,12,"Prior deals also included Tesla selling solar equipment and car parts to SpaceX, Tesla using SpaceX private jets, and Tesla using SpaceX to develop a special alloy for its Cybertruck.",True,False,True,True,False,False,False,183,,,0.08590041846036911,0.010714052245020866,0.9033854603767395,"Prior deals also included Tesla selling solar equipment and car parts to SpaceX, Tesla using SpaceX private jets, and Tesla using SpaceX to develop a special alloy for its Cybertruck.",Tesla,0.04173821955919266,0.009004331193864346,0.9492574334144592
absa_flat-140733574-4,absa_flat,140733574,4,That's why the 3-for-1 stock split that Tesla ( TSLA +3.80% ) announced in August 2022 got so much attention.,True,False,False,True,False,False,False,109,,,0.12366323918104172,0.019390283152461052,0.8569464683532715,That's why the 3-for-1 stock split that Tesla ( TSLA +3.80% ) announced in August 2022 got so much attention.,Tesla,0.01977813057601452,0.003827217034995556,0.9763946533203125
absa_flat-140735247-20,absa_flat,140735247,20,That basket maps to existing robotics revenue.,True,False,False,False,False,True,False,46,,,0.0645112693309784,0.01813599281013012,0.9173527359962463,That basket maps to existing robotics revenue.,Tesla,0.0038699880242347717,0.0031868417281657457,0.9929431080818176
absa_flat-140771555-4,absa_flat,140771555,4,"We are increasing our 2Q Tesla delivery estimates to 413K units, from 373K, supported by stronger regional sales trends.",True,False,False,False,False,False,False,120,,,0.9523725509643555,0.02143017202615738,0.02619728446006775,"We are increasing our 2Q Tesla delivery estimates to 413K units, from 373K, supported by stronger regional sales trends.",Tesla,0.06467544287443161,0.004094418603926897,0.9312301874160767
absa_flat-141056844-3,absa_flat,141056844,3,Ark also leaned into Tesla one of its long-running flagship holdings.,True,False,False,False,False,False,False,69,,,0.3494650721549988,0.008641045540571213,0.6418939232826233,Ark also leaned into Tesla one of its long-running flagship holdings.,Tesla,0.02446148172020912,0.002190839499235153,0.9733476638793945
absa_flat-141063911-11,absa_flat,141063911,11,"It represents arguably the biggest connection between Tesla and SpaceX, but far from the only one.",True,False,True,False,False,False,False,98,,,0.17290854454040527,0.01135636679828167,0.8157350420951843,"It represents arguably the biggest connection between Tesla and SpaceX, but far from the only one.",Tesla,0.03846577927470207,0.0034164239186793566,0.9581178426742554
absa_flat-141103169-174,absa_flat,141103169,174,They're actually going to close 75 of those.,True,False,False,False,False,True,False,44,0,4,0.2781110405921936,0.027900781482458115,0.6939881443977356,Tesla're actually going to close 75 of those.,Tesla,0.019119204953312874,0.006474475376307964,0.974406361579895
absa_flat-141103169-258,absa_flat,141103169,258,"The company is investing in some new product lines that it hopes will drive growth over the long-term, hopefully profitable growth.",True,False,False,False,False,True,False,131,0,11,0.9146865010261536,0.009075925685465336,0.07623761892318726,"Tesla is investing in some new product lines that it hopes will drive growth over the long-term, hopefully profitable growth.",Tesla,0.0563647523522377,0.007245948072522879,0.9363893270492554
absa_flat-141109788-16,absa_flat,141109788,16,Investor Ross Gerber thinks Tesla Inc. (NASDAQ: TSLA ),True,False,False,False,False,False,False,54,,,0.035721562802791595,0.028097236528992653,0.9361812472343445,Investor Ross Gerber thinks Tesla Inc. (NASDAQ: TSLA ),Tesla,0.0304799173027277,0.025232577696442604,0.9442875981330872
absa_flat-141109840-58,absa_flat,141109840,58,TSLA | TSLA Price Prediction) isn’t the only Mag Seven stock to think about buying after a brief plunge… There have been a lot of bears on the tail of Tesla (NASDAQ:,True,False,False,True,False,False,False,165,,,0.08485405892133713,0.1379917860031128,0.7771541476249695,TSLA | TSLA Price Prediction) isn’t the only Mag Seven stock to think about buying after a brief plunge… There have been a lot of bears on the tail of Tesla (NASDAQ:,Tesla,0.022222818806767464,0.04839950427412987,0.9293777346611023
absa_flat-141117195-173,absa_flat,141117195,173,"Jason, the other piece that caught my eye is the robotaxi business; for years has been the future of Tesla.",True,False,False,False,False,False,False,107,,,0.048712439835071564,0.02607799507677555,0.9252095818519592,"Jason, the other piece that caught my eye is the robotaxi business; for years has been the future of Tesla.",Tesla,0.007165834307670593,0.005804148502647877,0.9870299696922302
absa_flat-141122355-404,absa_flat,141122355,404,But it will be -- it will definitely be a bit working next year and in time for the scale up to high production of Tesla Semi.,True,False,False,False,False,False,False,126,,,0.7117336988449097,0.012834814377129078,0.27543148398399353,But it will be -- it will definitely be a bit working next year and in time for the scale up to high production of Tesla Semi.,Tesla,0.0038180542178452015,0.0022102007642388344,0.9939717650413513
absa_flat-141129155-36,absa_flat,141129155,36,"Getting there will require Musk to repeat the playbook he used at Tesla, where he raised an extraordinary amount of capital and turned an ambitious technological vision into a commercially viable business.",True,True,False,False,False,False,False,205,,,0.13878083229064941,0.012860738672316074,0.8483584523200989,"Getting there will require Musk to repeat the playbook he used at Tesla, where he raised an extraordinary amount of capital and turned an ambitious technological vision into a commercially viable business.",Tesla,0.07711384445428848,0.006002003327012062,0.9168840646743774
absa_flat-141137158-8,absa_flat,141137158,8,"The chips would support Tesla vehicles and Optimus robots, along with SpaceX satellites and AI data centers.",True,False,True,False,False,False,False,108,,,0.12318947166204453,0.00839872658252716,0.8684118390083313,"The chips would support Tesla vehicles and Optimus robots, along with SpaceX satellites and AI data centers.",Tesla,0.008716415613889694,0.0013314116513356566,0.9899521470069885
absa_flat-141140361-10,absa_flat,141140361,10,"In April, Tesla broke ground on a smaller research facility at its Giga Texas campus near Austin.",True,False,False,True,False,False,False,97,,,0.20358645915985107,0.010009298101067543,0.7864042520523071,"In April, Tesla broke ground on a smaller research facility at its Giga Texas campus near Austin.",Tesla,0.031301986426115036,0.006137685384601355,0.9625604152679443
agree_strong-136478880-12,agree_strong,136478880,12,"Shipments from Tesla's Shanghai plant have declined in six of the first seven months this year, with July deliveries down 8.4% from a year ago.",True,False,False,True,False,False,False,143,,,0.006528901867568493,0.9741887450218201,0.019282393157482147,"Shipments from Tesla's Shanghai plant have declined in six of the first seven months this year, with July deliveries down 8.4% from a year ago.",Tesla,0.031226566061377525,0.16977161169052124,0.7990018725395203
agree_strong-136502638-35,agree_strong,136502638,35,"Finally, there is no guarantee that the market will love new Lucid models as much as it loved Tesla's Model 3 and Model Y.",True,False,True,False,False,False,False,122,,,0.5167852640151978,0.011858569458127022,0.4713561534881592,"Finally, there is no guarantee that the market will love new Lucid models as much as it loved Tesla's Model 3 and Model Y.",Tesla,0.2574041187763214,0.05643661692738533,0.6861592531204224
agree_strong-136536279-31,agree_strong,136536279,31,"He writes, ""We continue to believe that TSLA will begin launching its Robotaxi capabilities across multiple cities (~25 cities over the next year) in the US & abroad over the next 12-18 months as the company goes all in on the AI vision…we believe the autonomous opportunity is worth $1 trillion alone for Tesla.",True,False,False,True,False,False,False,312,,,0.8061944246292114,0.007123310584574938,0.1866823136806488,"He writes, ""We continue to believe that TSLA will begin launching its Robotaxi capabilities across multiple cities (~25 cities over the next year) in the US & abroad over the next 12-18 months as the company goes all in on the AI vision…we believe the autonomous opportunity is worth $1 trillion alone for Tesla.",Tesla,0.2677328288555145,0.01427914947271347,0.7179880738258362
agree_strong-136541201-15,agree_strong,136541201,15,Read Also: Tesla Q2 Earnings Highlights: Revenue And Earnings Fall Short; New Models Still Set For 2025–2026,True,False,False,False,False,False,False,108,,,0.012965443544089794,0.9670265316963196,0.020007990300655365,Read Also: Tesla Q2 Earnings Highlights: Revenue And Earnings Fall Short; New Models Still Set For 2025–2026,Tesla,0.016185056418180466,0.5296409726142883,0.4541740119457245
agree_strong-136557730-13,agree_strong,136557730,13,Tesla's European sales declined sharply once again even though battery-electric vehicle registrations in the region were 39% higher.,True,False,False,True,False,False,False,132,,,0.007507088128477335,0.9754214882850647,0.01707148365676403,Tesla's European sales declined sharply once again even though battery-electric vehicle registrations in the region were 39% higher.,Tesla,0.00702448608353734,0.8624056577682495,0.13056981563568115
agree_strong-136557738-3,agree_strong,136557738,3,"This, he said, was why the German carmaker decided five years ago to overhaul its portfolio with the new, fully electric 'Neue Klasse' series, with which it hopes to catch up with EV pioneer Tesla .",True,False,False,False,False,False,False,198,,,0.6843627691268921,0.014208860695362091,0.3014284074306488,"This, he said, was why the German carmaker decided five years ago to overhaul its portfolio with the new, fully electric 'Neue Klasse' series, with which it hopes to catch up with EV pioneer Tesla .",Tesla,0.42239969968795776,0.29058530926704407,0.2870149612426758
agree_strong-136892565-0,agree_strong,136892565,0,"Oops, something went wrong Market Catalysts host Julie Hyman tracks several of the day's top trending stock tickers, including Intel ( INTC ) gains spurred by the Trump administration's consideration of a ""1-to-1"" chip policy, Wedbush's Dan Ives raising his price target on Tesla stock ( TSLA ) to $600 per share, and the Federal Aviation Administration (FAA) to slowly ease restrictions on Boeing ( BA ) 737 Max production.",True,False,False,True,False,False,False,424,,,0.7675411105155945,0.07379470020532608,0.15866413712501526,"Oops, something went wrong Market Catalysts host Julie Hyman tracks several of the day's top trending stock tickers, including Intel ( INTC ) gains spurred by the Trump administration's consideration of a ""1-to-1"" chip policy, Wedbush's Dan Ives raising his price target on Tesla stock ( TSLA ) to $600 per share, and the Federal Aviation Administration (FAA) to slowly ease restrictions on Boeing ( BA ) 737 Max production.",Tesla,0.26125213503837585,0.07183068990707397,0.6669171452522278
agree_strong-136907449-27,agree_strong,136907449,27,"However, a late-2025 volume ramp for an affordable, autonomy-ready Tesla could stabilize unit trends while reinforcing the company's software narrative, which is crucial for valuation.",True,False,False,True,False,False,False,184,,,0.9514090418815613,0.02279071882367134,0.025800157338380814,"However, a late-2025 volume ramp for an affordable, autonomy-ready Tesla could stabilize unit trends while reinforcing the company's software narrative, which is crucial for valuation.",Tesla,0.4079572260379791,0.007201455067843199,0.5848413705825806
agree_strong-136913563-63,agree_strong,136913563,63,"Since its inception, TSLA have increased by a mind-blowing 34k%.",True,False,False,True,False,False,False,64,,,0.9210605621337891,0.010287581011652946,0.06865183264017105,"Since its inception, TSLA have increased by a mind-blowing 34k%.",Tesla,0.7778195738792419,0.012531977146863937,0.20964853465557098
agree_strong-136933981-1,agree_strong,136933981,1,"Tesla Inc. (NASDAQ: TSLA ) has urged customers to lock in purchases ahead of the September 30 deadline for the Federal EV credit to avail the incentive, as Q3 deliveries look poised to exceed analyst estimates.",True,False,False,True,False,False,False,210,,,0.9305418729782104,0.03204430639743805,0.03741372749209404,"Tesla Inc. (NASDAQ: TSLA ) has urged customers to lock in purchases ahead of the September 30 deadline for the Federal EV credit to avail the incentive, as Q3 deliveries look poised to exceed analyst estimates.",Tesla,0.4858044683933258,0.007974407635629177,0.5062211751937866
agree_strong-137230896-7,agree_strong,137230896,7,"In her letter, Denholm posed a direct question to investors: ""Do you want to retain Elon as Tesla's CEO and motivate him to drive Tesla to become the leading provider of autonomous solutions and the most valuable company in the world?""",True,True,False,False,False,False,False,235,,,0.6161285638809204,0.011888744309544563,0.3719826936721802,"In her letter, Denholm posed a direct question to investors: ""Do you want to retain Elon as Tesla's CEO and motivate him to drive Tesla to become the leading provider of autonomous solutions and the most valuable company in the world?""",Tesla,0.2083931267261505,0.01624147593975067,0.77536541223526
agree_strong-137258402-27,agree_strong,137258402,27,Tesla continues to post substantial global delivery numbers.,True,False,False,True,False,False,False,60,,,0.9515584111213684,0.013850743882358074,0.034590866416692734,Tesla continues to post substantial global delivery numbers.,Tesla,0.9226952195167542,0.0025213982444256544,0.07478336989879608
agree_strong-137258403-15,agree_strong,137258403,15,"For the current fiscal year, ending in December, analysts expect TSLA’s EPS to decline 44.1% to $1.14 on a diluted basis.",True,False,False,True,False,False,False,121,,,0.013884133659303188,0.9705952405929565,0.015520594082772732,"For the current fiscal year, ending in December, analysts expect TSLA’s EPS to decline 44.1% to $1.14 on a diluted basis.",Tesla,0.011430797167122364,0.6332958936691284,0.35527336597442627
agree_strong-137258403-21,agree_strong,137258403,21,"On Oct. 27, Cantor Fitzgerald kept an “Overweight” rating on TSLA and raised the price target to $510 , implying a potential upside of 10.7% from current levels.",True,False,False,False,False,False,False,161,,,0.9507066607475281,0.023226911202073097,0.026066409423947334,"On Oct. 27, Cantor Fitzgerald kept an “Overweight” rating on TSLA and raised the price target to $510 , implying a potential upside of 10.7% from current levels.",Tesla,0.20337194204330444,0.008912130258977413,0.7877159118652344
agree_strong-137268570-23,agree_strong,137268570,23,"While Alphabet and Tesla have led recent gains, Apple's combination of stable growth, expanding margins, and massive user engagement make it one of the most dependable large-cap tech plays heading into 2025.",True,False,True,True,False,False,False,207,,,0.9106510877609253,0.012038616463541985,0.07731027901172638,"While Alphabet and Tesla have led recent gains, Apple's combination of stable growth, expanding margins, and massive user engagement make it one of the most dependable large-cap tech plays heading into 2025.",Tesla,0.14144574105739594,0.029051199555397034,0.8295031189918518
agree_strong-137277221-13,agree_strong,137277221,13,Tesla's comeback to the CIIE comes as its mainland sales fell 6 per cent year on year in the first nine months of 2025.,True,False,False,True,False,False,False,119,,,0.009728060103952885,0.9736107587814331,0.016661083325743675,Tesla's comeback to the CIIE comes as its mainland sales fell 6 per cent year on year in the first nine months of 2025.,Tesla,0.01040856633335352,0.43146076798439026,0.5581306219100952
agree_strong-137614378-45,agree_strong,137614378,45,"The worst falloff may have happened in Denmark and Sweden in… EV price wars have begun in China, and Tesla will have to cut prices to hold its market share.",True,False,False,True,False,False,False,156,,,0.011788249015808105,0.9615565538406372,0.026655154302716255,"The worst falloff may have happened in Denmark and Sweden in… EV price wars have begun in China, and Tesla will have to cut prices to hold its market share.",Tesla,0.004679922014474869,0.8781012296676636,0.11721879988908768
agree_strong-137878306-11,agree_strong,137878306,11,"The court's decision comes at a crucial time when Musk is steering Tesla towards becoming a leader in AI and robotics, a vision that shareholders have endorsed with a $1 trillion pay plan.",True,True,False,False,False,False,False,188,,,0.8373392820358276,0.009316666051745415,0.1533440202474594,"The court's decision comes at a crucial time when Musk is steering Tesla towards becoming a leader in AI and robotics, a vision that shareholders have endorsed with a $1 trillion pay plan.",Tesla,0.3010866940021515,0.030407872051000595,0.6685054302215576
agree_strong-137884563-67,agree_strong,137884563,67,"TSLA | TSLA Price Prediction) made a bold move this week, during the company’s Q4 2025 earnings call:… Tesla (NASDAQ:TSLA | TSLA Price Prediction) stock has been so incredibly resilient despite all the volatility facing big tech and… Tesla (NASDAQ:",True,False,False,True,False,False,False,248,,,0.9323111772537231,0.014381899498403072,0.05330697447061539,"TSLA | TSLA Price Prediction) made a bold move this week, during the company’s Q4 2025 earnings call:… Tesla (NASDAQ:TSLA | TSLA Price Prediction) stock has been so incredibly resilient despite all the volatility facing big tech and… Tesla (NASDAQ:",Tesla,0.5130964517593384,0.05868824943900108,0.42821523547172546
agree_strong-137908145-0,agree_strong,137908145,0,Investing Sending You to Google News in 3 Tesla Inc. ( NASDAQ: TSLA | TSLA Price Prediction ) stock recently reached an all-time high.,True,False,False,True,False,False,False,134,,,0.8440820574760437,0.015438877046108246,0.14047905802726746,Investing Sending You to Google News in 3 Tesla Inc. ( NASDAQ: TSLA | TSLA Price Prediction ) stock recently reached an all-time high.,Tesla,0.16741204261779785,0.010900471359491348,0.8216875195503235
agree_strong-138295575-12,agree_strong,138295575,12,But critics say these are fever-dream distractions from Tesla’s core automotive business.,True,False,False,False,False,False,False,89,,,0.010525356978178024,0.9330252408981323,0.056449390947818756,But critics say these are fever-dream distractions from Tesla’s core automotive business.,Tesla,0.02374737337231636,0.1378260999917984,0.8384264707565308
agree_strong-138303538-19,agree_strong,138303538,19,"Ecosystem effects: partnerships such as Pilot Semi chargers and potential integration with SpaceX or xAI, if they occur, could deepen Tesla's role across energy, logistics and AI-powered mobility.",True,False,True,False,False,False,False,196,,,0.8246521949768066,0.011426989920437336,0.16392077505588531,"Ecosystem effects: partnerships such as Pilot Semi chargers and potential integration with SpaceX or xAI, if they occur, could deepen Tesla's role across energy, logistics and AI-powered mobility.",Tesla,0.2241399586200714,0.0074472283013165,0.7684127688407898
agree_strong-138310188-13,agree_strong,138310188,13,The news comes as Tesla announced it was scrapping production of the Model S and Model X this year.,True,False,False,True,False,False,False,99,,,0.0076053328812122345,0.9511536359786987,0.04124114662408829,The news comes as Tesla announced it was scrapping production of the Model S and Model X this year.,Tesla,0.010931042023003101,0.5425623655319214,0.4465065896511078
agree_strong-138421159-6,agree_strong,138421159,6,Tesla also has a favourable price trend in the Medium and Long term.,True,False,False,True,False,False,False,68,,,0.8903474807739258,0.00812545232474804,0.10152704268693924,Tesla also has a favourable price trend in the Medium and Long term.,Tesla,0.2789013683795929,0.0057332743890583515,0.7153653502464294
agree_strong-139165536-16,agree_strong,139165536,16,"However, questions have emerged about the system's capabilities as Tesla's Robotaxi in Austin reported 5 additional crashes in January and a Tesla owner recently shared multiple videos that showcased the FSD system driving onto a boat ramp on a lake and almost driving into the lake.",True,False,False,True,False,False,False,283,,,0.016238363459706306,0.8774088621139526,0.10635275393724442,"However, questions have emerged about the system's capabilities as Tesla's Robotaxi in Austin reported 5 additional crashes in January and a Tesla owner recently shared multiple videos that showcased the FSD system driving onto a boat ramp on a lake and almost driving into the lake.",Tesla,0.009151121601462364,0.7188393473625183,0.2720095217227936
agree_strong-139196875-15,agree_strong,139196875,15,"If Tesla tests the support level, it could signal a potential reversal or continuation of the current trend, while a breach of resistance might indicate a shift in momentum.",True,False,False,True,False,False,False,173,,,0.10447829216718674,0.760749876499176,0.13477186858654022,"If Tesla tests the support level, it could signal a potential reversal or continuation of the current trend, while a breach of resistance might indicate a shift in momentum.",Tesla,0.07483498007059097,0.17942671477794647,0.7457383871078491
agree_strong-139235358-36,agree_strong,139235358,36,"While these investments could create long-term opportunities, they come at a time when Tesla's core EV business is slowing.",True,False,False,True,False,False,False,123,,,0.05641041696071625,0.8836206793785095,0.05996889993548393,"While these investments could create long-term opportunities, they come at a time when Tesla's core EV business is slowing.",Tesla,0.01435315702110529,0.25004929304122925,0.735597550868988
agree_strong-139247003-40,agree_strong,139247003,40,Tesla Inc (NASDAQ: TSLA ) has posted its 13th consecutive month of declining sales in Europe while rival BYD Company (OTC: BYDDY ) more than doubled its market share.,True,False,True,True,False,False,False,166,,,0.009306288324296474,0.9740794897079468,0.01661420799791813,Tesla Inc (NASDAQ: TSLA ) has posted its 13th consecutive month of declining sales in Europe while rival BYD Company (OTC: BYDDY ) more than doubled its market share.,Tesla,0.002223071875050664,0.9748508334159851,0.022926004603505135
agree_strong-139249914-75,agree_strong,139249914,75,"Tesla's high-volume manufacturing footprint, global supply agreements, and influence on EV battery chemistries make it a bellwether for critical mineral demand trends, particularly in North America and Europe, where domestic supply diversification remains a strategic priority.",True,False,False,True,False,False,False,277,,,0.7527739405632019,0.007484780624508858,0.2397412806749344,"Tesla's high-volume manufacturing footprint, global supply agreements, and influence on EV battery chemistries make it a bellwether for critical mineral demand trends, particularly in North America and Europe, where domestic supply diversification remains a strategic priority.",Tesla,0.8969628214836121,0.0033745088148862123,0.09966272115707397
agree_strong-139546197-4,agree_strong,139546197,4,"Last trading at $386 per share, I’d like to see Tesla initially retest $420 thanks to what Morgan Stanley calls ""the most important catalyst.""",True,False,False,True,False,False,False,142,,,0.889205276966095,0.020223211497068405,0.09057148545980453,"Last trading at $386 per share, I’d like to see Tesla initially retest $420 thanks to what Morgan Stanley calls ""the most important catalyst.""",Tesla,0.5719004273414612,0.008269944228231907,0.4198296368122101
agree_strong-139577822-13,agree_strong,139577822,13,"Tesla's deliveries fell by 9% year over year in 2025, partly due to growing competition and the U.S. EV tax credits expiring in September.",True,False,False,True,False,False,False,138,,,0.007202355191111565,0.976157546043396,0.01664009504020214,"Tesla's deliveries fell by 9% year over year in 2025, partly due to growing competition and the U.S. EV tax credits expiring in September.",Tesla,0.003807596629485488,0.6871842741966248,0.3090081214904785
agree_strong-139581434-12,agree_strong,139581434,12,The China Passenger Car Association reported sales of Tesla’s China-made EVs rose 35% year over year in the first two months of the year.,True,False,False,True,False,False,False,137,,,0.9566602110862732,0.017112743109464645,0.026227053254842758,The China Passenger Car Association reported sales of Tesla’s China-made EVs rose 35% year over year in the first two months of the year.,Tesla,0.20560277998447418,0.008362446911633015,0.786034882068634
agree_strong-139896705-23,agree_strong,139896705,23,"The positive outlook on EV sales and FSD subscriptions is a sign that Tesla retains its appeal in the EV market, and most want Tesla to succeed in its robotaxi ambitions.",True,False,False,True,False,False,False,170,,,0.9484515190124512,0.013636928983032703,0.03791159391403198,"The positive outlook on EV sales and FSD subscriptions is a sign that Tesla retains its appeal in the EV market, and most want Tesla to succeed in its robotaxi ambitions.",Tesla,0.6646405458450317,0.00931316427886486,0.3260462284088135
agree_strong-139911266-5,agree_strong,139911266,5,"Tesla, Inc. (NASDAQ:TSLA)'s automotive gross margins were recorded at 19.2%, which is more than in any quarter in the prior year.",True,False,False,True,False,False,False,129,,,0.8596864342689514,0.10128764808177948,0.03902585804462433,"Tesla, Inc. (NASDAQ:TSLA)'s automotive gross margins were recorded at 19.2%, which is more than in any quarter in the prior year.",Tesla,0.4818323850631714,0.0093315951526165,0.5088359713554382
agree_strong-139923160-17,agree_strong,139923160,17,"Expected to reach a market size of $214.3 billion by 2030, Tesla, by virtue of being one of the leaders (with a global fleet of over 9 million vehicles) and the most recognizable name in the space, is surely going to be one of the biggest beneficiaries of this expanding market.",True,False,False,False,False,False,False,278,,,0.8312399983406067,0.00720683578401804,0.16155315935611725,"Expected to reach a market size of $214.3 billion by 2030, Tesla, by virtue of being one of the leaders (with a global fleet of over 9 million vehicles) and the most recognizable name in the space, is surely going to be one of the biggest beneficiaries of this expanding market.",Tesla,0.8139888048171997,0.010036563500761986,0.17597460746765137
agree_strong-140443327-8,agree_strong,140443327,8,"Our price target sits a hair below where Tesla trades today, and Tesla is arguably the most divisive stock in the market.",True,False,False,True,False,False,False,121,,,0.029095295816659927,0.7457457780838013,0.2251589000225067,"Our price target sits a hair below where Tesla trades today, and Tesla is arguably the most divisive stock in the market.",Tesla,0.05738826468586922,0.2737988233566284,0.6688129901885986
agree_strong-140443328-13,agree_strong,140443328,13,"Tesla has a profitable business, and it generated $7 billion in free cash flow over the trailing 12 months.",True,False,False,True,False,False,False,107,,,0.8780215978622437,0.009327705949544907,0.11265065521001816,"Tesla has a profitable business, and it generated $7 billion in free cash flow over the trailing 12 months.",Tesla,0.506238579750061,0.00759537098929286,0.4861660897731781
agree_strong-140723868-4,agree_strong,140723868,4,"Download PDF Brochure: https://www.marketsandmarkets.com/pdfdownloadNew.asp?id=89574213 EV charging infrastructure is rapidly expanding through OEM-led investments by Tesla, Rivian, and Hyundai in proprietary and partner charging ecosystems.",True,False,True,False,False,False,False,241,,,0.7683098912239075,0.007351984735578299,0.224338099360466,"Download PDF Brochure: https://www.marketsandmarkets.com/pdfdownloadNew.asp?id=89574213 EV charging infrastructure is rapidly expanding through OEM-led investments by Tesla, Rivian, and Hyundai in proprietary and partner charging ecosystems.",Tesla,0.19276517629623413,0.007233528885990381,0.800001323223114
agree_strong-140727363-9,agree_strong,140727363,9,"$TSLA bulls' arguments that Elon is holding back TSLA's robotaxi scale-up so $SPCX can buy $TSLA at a relatively cheap valuation seems absurd, given the massive dilution that would result from a stock-for-stock transaction of SPCX at 160x 2026 EV/EBITDA vs TSLA at 90x 2026… —",True,True,False,True,False,False,False,276,,,0.035382598638534546,0.7295737266540527,0.2350436896085739,"$TSLA bulls' arguments that Elon is holding back TSLA's robotaxi scale-up so $SPCX can buy $TSLA at a relatively cheap valuation seems absurd, given the massive dilution that would result from a stock-for-stock transaction of SPCX at 160x 2026 EV/EBITDA vs TSLA at 90x 2026… —",Tesla,0.04995402321219444,0.809248685836792,0.14079736173152924
agree_strong-140728381-10,agree_strong,140728381,10,Tesla has cooled meaningfully in 2026.,True,False,False,True,False,False,False,38,,,0.06951604783535004,0.9075607657432556,0.022923123091459274,Tesla has cooled meaningfully in 2026.,Tesla,0.002267294330522418,0.894770622253418,0.10296207666397095
agree_strong-140776174-20,agree_strong,140776174,20,"The recent IPO of SpaceX (NASDAQ: SPCX ) , a space company led by Musk, may have taken some of the luster away from Tesla.",True,True,True,False,False,False,False,122,,,0.048216186463832855,0.8401796221733093,0.11160416156053543,"The recent IPO of SpaceX (NASDAQ: SPCX ) , a space company led by Musk, may have taken some of the luster away from Tesla.",Tesla,0.03135600686073303,0.43509361147880554,0.5335503816604614
agree_strong-141041608-6,agree_strong,141041608,6,Tesla's recent earnings announcement hasn't been great for the stock.,True,False,False,True,False,False,False,69,,,0.03321700543165207,0.9126601219177246,0.05412284657359123,Tesla's recent earnings announcement hasn't been great for the stock.,Tesla,0.003186952555552125,0.817110002040863,0.1797029972076416
agree_strong-141043581-73,agree_strong,141043581,73,"It… Tesla's stock has cratered 26% this year while rivals circle, but a fresh wave of data from the world's largest… Tesla sales in the European Union have plunged to a three-year low, part of a wider decline.",True,False,False,True,False,False,False,209,,,0.009938591159880161,0.9741966724395752,0.015864748507738113,"It… Tesla's stock has cratered 26% this year while rivals circle, but a fresh wave of data from the world's largest… Tesla sales in the European Union have plunged to a three-year low, part of a wider decline.",Tesla,0.006024171132594347,0.7971629500389099,0.19681285321712494
agree_strong-141049045-5,agree_strong,141049045,5,"If Tesla continues to hold that opinion, and an underlying belief in the robotaxi rollout that drives its model (Ark assumes 88% of Tesla's enterprise value in 2029 will come from robotaxi), then the dip is an opportunity to buy more.",True,False,False,True,False,False,False,234,,,0.8703223466873169,0.008665778674185276,0.12101185321807861,"If Tesla continues to hold that opinion, and an underlying belief in the robotaxi rollout that drives its model (Ark assumes 88% of Tesla's enterprise value in 2029 will come from robotaxi), then the dip is an opportunity to buy more.",Tesla,0.9312615990638733,0.0055777220986783504,0.0631607174873352
agree_strong-141051091-21,agree_strong,141051091,21,"On Stocktwits, retail sentiment was split despite 'high' message volume, with Tesla traders turning 'bearish' while SpaceX sentiment remained 'bullish.'",True,False,True,True,False,False,False,152,,,0.03712080791592598,0.926263153553009,0.03661595657467842,"On Stocktwits, retail sentiment was split despite 'high' message volume, with Tesla traders turning 'bearish' while SpaceX sentiment remained 'bullish.'",Tesla,0.008579582907259464,0.843348503112793,0.14807195961475372
agree_strong-141057503-3,agree_strong,141057503,3,The results shifted investor focus away from delivery growth toward weakening margins and concerns that Tesla’s hefty investments in next-generation technologies could weigh on profitability before delivering meaningful returns.,True,False,False,True,False,False,False,228,,,0.012487582862377167,0.9684851765632629,0.01902729459106922,The results shifted investor focus away from delivery growth toward weakening margins and concerns that Tesla’s hefty investments in next-generation technologies could weigh on profitability before delivering meaningful returns.,Tesla,0.018341517075896263,0.2640252709388733,0.7176331877708435
agree_strong-141068222-17,agree_strong,141068222,17,Tesla fared even worse.,True,False,False,True,False,False,False,23,,,0.011163719929754734,0.9542204141616821,0.03461586311459541,Tesla fared even worse.,Tesla,0.0014407458947971463,0.9960944056510925,0.002464918652549386
agree_strong-141076136-5,agree_strong,141076136,5,"He also denied any discussions over selling or spinning off Tesla’s China business, calling it “Absurdly fake news.”",True,False,False,False,False,False,False,116,,,0.022999266162514687,0.7155044674873352,0.26149633526802063,"He also denied any discussions over selling or spinning off Tesla’s China business, calling it “Absurdly fake news.”",Tesla,0.031826481223106384,0.13683994114398956,0.831333577632904
agree_strong-141137164-20,agree_strong,141137164,20,Tesla's balance sheet remains one of its biggest strengths.,True,False,False,True,False,False,False,59,,,0.6823554635047913,0.01138647086918354,0.30625808238983154,Tesla's balance sheet remains one of its biggest strengths.,Tesla,0.4295111894607544,0.008482971228659153,0.5620058178901672
agree_strong-141148585-17,agree_strong,141148585,17,"Investor and television personality Kevin O’Leary said he may begin buying SpaceX (NASDAQ: SPCX ) shares once post-IPO volatility settles, arguing that the bigger long-term opportunity lies in Elon Musk potentially connecting SpaceX with Tesla Inc. (NASDAQ: TSLA ) , artificial intelligence, robotics and autonomous driving.",True,True,True,False,False,False,False,324,,,0.6726152896881104,0.009351322427392006,0.3180333971977234,"Investor and television personality Kevin O’Leary said he may begin buying SpaceX (NASDAQ: SPCX ) shares once post-IPO volatility settles, arguing that the bigger long-term opportunity lies in Elon Musk potentially connecting SpaceX with Tesla Inc. (NASDAQ: TSLA ) , artificial intelligence, robotics and autonomous driving.",Tesla,0.11369950324296951,0.0067241135984659195,0.8795763254165649
agree_weak-136530048-2,agree_weak,136530048,2,"TeslaMate is an open source data logger that allows Tesla owners to self-host and visualize their vehicle's data from their own computers, such as their vehicle's temperature, battery health, and charging sessions, but also more sensitive information, like vehicle speed and the location data of recent trips.",True,False,False,False,False,False,False,309,,,0.03764984756708145,0.02019604481756687,0.9421541690826416,"TeslaMate is an open source data logger that allows Tesla owners to self-host and visualize their vehicle's data from their own computers, such as their vehicle's temperature, battery health, and charging sessions, but also more sensitive information, like vehicle speed and the location data of recent trips.",Tesla,0.18547235429286957,0.006371192634105682,0.808156430721283
agree_weak-136536283-42,agree_weak,136536283,42,"In other words, a majority of Tesla's pre-tax income derives from unsustainable and non-innovative sources that have nothing to do with its actual operations.",True,False,False,True,False,False,False,158,,,0.03035062365233898,0.049000393599271774,0.9206489324569702,"In other words, a majority of Tesla's pre-tax income derives from unsustainable and non-innovative sources that have nothing to do with its actual operations.",Tesla,0.0047362195327878,0.7234280109405518,0.2718357741832733
agree_weak-136568946-8,agree_weak,136568946,8,"I don't think that there's anything investible in, honestly, in autonomous, other than Tesla.",True,False,False,False,False,False,False,93,,,0.057039789855480194,0.018704045563936234,0.9242561459541321,"I don't think that there's anything investible in, honestly, in autonomous, other than Tesla.",Tesla,0.9535412192344666,0.01900424063205719,0.027454575523734093
agree_weak-136865903-42,agree_weak,136865903,42,Wall Street’s watchful eyes are bracing for a bumpy ride with Tesla.,True,False,False,False,False,False,False,68,,,0.07369516789913177,0.4138804078102112,0.5124244689941406,Wall Street’s watchful eyes are bracing for a bumpy ride with Tesla.,Tesla,0.005140863358974457,0.6065094470977783,0.3883496820926666
agree_weak-136913563-1,agree_weak,136913563,1,Tesla CEO Elon Musk made his foray into politics by spending more than a quarter of a billion dollars to support Donald Trump and the Republicans in 2024.,True,True,False,True,False,False,False,154,,,0.1701575070619583,0.014075851999223232,0.8157666325569153,Tesla CEO Elon Musk made his foray into politics by spending more than a quarter of a billion dollars to support Donald Trump and the Republicans in 2024.,Tesla,0.19178491830825806,0.030390845611691475,0.7778242230415344
agree_weak-136913563-77,agree_weak,136913563,77,"In addition, Tesla is slated to release a more affordable version of its wildly popular Model Y SUV in Q4 2025.",True,False,False,True,False,False,False,111,,,0.42182281613349915,0.010395190678536892,0.5677820444107056,"In addition, Tesla is slated to release a more affordable version of its wildly popular Model Y SUV in Q4 2025.",Tesla,0.1814376562833786,0.009979632683098316,0.8085827827453613
agree_weak-136913567-14,agree_weak,136913567,14,"Tesla Delivery Reality Check Tesla's ( TSLA ) third-quarter delivery numbers will provide crucial insights into electric vehicle demand trends, production efficiency, and the company's competitive positioning amid increasing EV market competition.",True,False,False,True,False,False,False,247,,,0.4573735296726227,0.00898011215031147,0.5336464047431946,"Tesla Delivery Reality Check Tesla's ( TSLA ) third-quarter delivery numbers will provide crucial insights into electric vehicle demand trends, production efficiency, and the company's competitive positioning amid increasing EV market competition.",Tesla,0.49727925658226013,0.010501544922590256,0.4922191798686981
agree_weak-137228477-3,agree_weak,137228477,3,The challenge to its valuation for now (Tesla has the 10th largest market cap in the world at $1.4 trillion) is unit sales.,True,False,False,True,False,False,False,123,,,0.07341046631336212,0.44084033370018005,0.485749214887619,The challenge to its valuation for now (Tesla has the 10th largest market cap in the world at $1.4 trillion) is unit sales.,Tesla,0.17539988458156586,0.36731377243995667,0.4572862982749939
agree_weak-137228479-18,agree_weak,137228479,18,"Undoubtedly, Tesla has a front-row seat to the AI revolution.",True,False,False,True,False,False,False,61,,,0.21934106945991516,0.00924347061663866,0.7714154720306396,"Undoubtedly, Tesla has a front-row seat to the AI revolution.",Tesla,0.5901458263397217,0.013112206012010574,0.3967420160770416
agree_weak-137228479-92,agree_weak,137228479,92,TSLA | NVDA Price Prediction) is among the most interesting growth stocks in the market to look at.,True,False,True,True,False,False,False,99,,,0.16450142860412598,0.008968760259449482,0.8265298008918762,TSLA | NVDA Price Prediction) is among the most interesting growth stocks in the market to look at.,Tesla,0.45394986867904663,0.00977184996008873,0.5362783074378967
agree_weak-137243115-6,agree_weak,137243115,6,"Including both A and B shares for Alphabet, Broadcom AVGO, Tesla TSLA and Berkshire Hathaway (BRK.B) round out the top 10 — all trillion-dollar-plus market caps.",True,False,False,True,False,False,False,161,,,0.24493567645549774,0.010427135974168777,0.7446372509002686,"Including both A and B shares for Alphabet, Broadcom AVGO, Tesla TSLA and Berkshire Hathaway (BRK.B) round out the top 10 — all trillion-dollar-plus market caps.",Tesla,0.29794690012931824,0.007129143923521042,0.694923996925354
agree_weak-137578743-10,agree_weak,137578743,10,An ADOT representative confirmed that Tesla completed the process to begin operations.,True,False,False,True,False,False,False,86,,,0.48260754346847534,0.018035657703876495,0.49935680627822876,An ADOT representative confirmed that Tesla completed the process to begin operations.,Tesla,0.11588428914546967,0.006151669193059206,0.8779640197753906
agree_weak-137586697-18,agree_weak,137586697,18,"Image source: Tesla Tesla is an intriguing and polarizing company with an equally compelling CEO at the wheel, and it has made many long-term investors very wealthy.",True,False,False,True,False,False,False,165,,,0.4212823510169983,0.011345584876835346,0.5673720240592957,"Image source: Tesla Tesla is an intriguing and polarizing company with an equally compelling CEO at the wheel, and it has made many long-term investors very wealthy.",Tesla,0.30134737491607666,0.024694407358765602,0.6739581823348999
agree_weak-137601489-21,agree_weak,137601489,21,"Yeah, so Musk over the weekend was talking about how Tesla is this global leader, right, in in chip making saying quote that, most people don't know that we've been advanced AI chip and board engineering team for many years, etc.",True,True,False,True,False,False,False,229,,,0.06668109446763992,0.016852516680955887,0.916466474533081,"Yeah, so Musk over the weekend was talking about how Tesla is this global leader, right, in in chip making saying quote that, most people don't know that we've been advanced AI chip and board engineering team for many years, etc.",Tesla,0.607421338558197,0.010623815469443798,0.3819548189640045
agree_weak-137611213-16,agree_weak,137611213,16,"While Tesla remains an exciting growth stock , don't ignore other electric vehicle manufacturers like Rivian, which today arguably offer much more value.",True,False,True,True,False,False,False,153,,,0.26524460315704346,0.011259815655648708,0.723495602607727,"While Tesla remains an exciting growth stock , don't ignore other electric vehicle manufacturers like Rivian, which today arguably offer much more value.",Tesla,0.9594652056694031,0.006750352215021849,0.03378451243042946
agree_weak-137649799-12,agree_weak,137649799,12,"Tesla has said that it will launch its robotaxi service in five new cities and have 1,500 self-driving cars in service by the end of this year.",True,False,False,True,False,False,False,143,,,0.3960736393928528,0.00844553206115961,0.5954807996749878,"Tesla has said that it will launch its robotaxi service in five new cities and have 1,500 self-driving cars in service by the end of this year.",Tesla,0.2711940407752991,0.010724290274083614,0.7180816531181335
agree_weak-137649799-22,agree_weak,137649799,22,"However, investors buying Tesla stock now, hoping to ride to AV glory, should understand that Tesla is pivoting to costly autonomous vehicle technology at a challenging time in the EV industry and a financially difficult period in Tesla's history.",True,False,False,True,False,False,False,247,,,0.09415540099143982,0.5753445625305176,0.3304999768733978,"However, investors buying Tesla stock now, hoping to ride to AV glory, should understand that Tesla is pivoting to costly autonomous vehicle technology at a challenging time in the EV industry and a financially difficult period in Tesla's history.",Tesla,0.03824225068092346,0.7595462203025818,0.20221148431301117
agree_weak-137941906-29,agree_weak,137941906,29,"Although Tesla is still the leading U.S. EV maker, the company has shifted more focus onto growth areas like energy storage, AI advancements, robotics via Optimus , and robotaxi development.",True,False,False,True,False,False,False,190,,,0.2663431167602539,0.012679659761488438,0.7209771871566772,"Although Tesla is still the leading U.S. EV maker, the company has shifted more focus onto growth areas like energy storage, AI advancements, robotics via Optimus , and robotaxi development.",Tesla,0.3683975338935852,0.013930817134678364,0.6176716089248657
agree_weak-138291030-10,agree_weak,138291030,10,"We at StockStory emphasize long-term growth, but for disruptive companies like Tesla, a half-decade historical view may miss emerging trends in autonomous vehicles and energy.",True,False,False,False,False,False,False,175,,,0.16795529425144196,0.04985881224274635,0.782185971736908,"We at StockStory emphasize long-term growth, but for disruptive companies like Tesla, a half-decade historical view may miss emerging trends in autonomous vehicles and energy.",Tesla,0.8138357400894165,0.03781957924365997,0.14834466576576233
agree_weak-138307212-20,agree_weak,138307212,20,The fact that $TSLA is disclosing FSD subscriptions is all you need to know about its progress.,True,False,False,True,False,False,False,95,,,0.037331461906433105,0.025110097602009773,0.9375584125518799,The fact that $TSLA is disclosing FSD subscriptions is all you need to know about its progress.,Tesla,0.275661826133728,0.013194031082093716,0.7111441493034363
agree_weak-138308812-3,agree_weak,138308812,3,With a market capitalization of roughly $1.56 trillionfar exceeding General Motors' $78 billion and Ford Motor's $56 billionanalysts across the spectrum increasingly suggest that Tesla's automotive business alone could not justify the current valuation.,True,False,True,True,False,False,False,253,,,0.1242644190788269,0.48192206025123596,0.39381349086761475,With a market capitalization of roughly $1.56 trillionfar exceeding General Motors' $78 billion and Ford Motor's $56 billionanalysts across the spectrum increasingly suggest that Tesla's automotive business alone could not justify the current valuation.,Tesla,0.08484239876270294,0.503468930721283,0.4116886854171753
agree_weak-138312567-12,agree_weak,138312567,12,Tesla’s past dealings with bitcoin still loom large.,True,False,False,True,False,False,False,52,,,0.040825195610523224,0.21972638368606567,0.7394483685493469,Tesla’s past dealings with bitcoin still loom large.,Tesla,0.0018026803154498339,0.949038565158844,0.049158725887537
agree_weak-138316633-7,agree_weak,138316633,7,"Munster outlined his view of how the scenario could play out over the next three years, assigning a 45% chance that Tesla acquires xAI, a 35% chance SpaceX buys xAI and a 20% probability that xAI remains independent.",True,False,True,True,False,False,False,216,,,0.0731939822435379,0.01650053635239601,0.9103055000305176,"Munster outlined his view of how the scenario could play out over the next three years, assigning a 45% chance that Tesla acquires xAI, a 35% chance SpaceX buys xAI and a 20% probability that xAI remains independent.",Tesla,0.20235633850097656,0.01622500829398632,0.7814186215400696
agree_weak-138317848-21,agree_weak,138317848,21,"That looks like a bargain compared to Tesla's P/S ratio of 3, but not so much compared to traditional automotive companies , which trade at less than 1 times sales.",True,False,False,False,False,False,False,164,,,0.25634297728538513,0.13950949907302856,0.6041475534439087,"That looks like a bargain compared to Tesla's P/S ratio of 3, but not so much compared to traditional automotive companies , which trade at less than 1 times sales.",Tesla,0.5454317331314087,0.022789273411035538,0.43177902698516846
agree_weak-138447795-11,agree_weak,138447795,11,"Third place most likely belongs to Tesla, barring any huge volatility on the final trading day of the year.",True,False,False,False,False,False,False,107,,,0.0362715981900692,0.020855329930782318,0.9428731203079224,"Third place most likely belongs to Tesla, barring any huge volatility on the final trading day of the year.",Tesla,0.919483482837677,0.01241900585591793,0.06809750944375992
agree_weak-139058591-0,agree_weak,139058591,0,BREAKING: S&P 500 Hits High On These Three Drivers Elon Musk's SpaceX reportedly is considering a merger with Tesla (TSLA) or xAI before the private space company's expected IPO later this year.,True,True,True,False,False,False,False,194,,,0.3000743091106415,0.11374775320291519,0.5861779451370239,BREAKING: S&P 500 Hits High On These Three Drivers Elon Musk's SpaceX reportedly is considering a merger with Tesla (TSLA) or xAI before the private space company's expected IPO later this year.,Tesla,0.20194007456302643,0.008619382977485657,0.7894405722618103
agree_weak-139167808-13,agree_weak,139167808,13,"As Musk noted, Tesla is driving toward an autonomous future.",True,True,False,True,False,False,False,60,,,0.22649119794368744,0.010453646071255207,0.763055145740509,"As Musk noted, Tesla is driving toward an autonomous future.",Tesla,0.22878903150558472,0.00877505261451006,0.7624359726905823
agree_weak-139210531-0,agree_weak,139210531,0,"While the stock is very expensive, I'm a big fan of Tesla as a business.",True,False,False,False,False,False,False,72,,,0.08484368026256561,0.011247480288147926,0.9039087891578674,"While the stock is very expensive, I'm a big fan of Tesla as a business.",Tesla,0.2848323583602905,0.039677608758211136,0.6754900813102722
agree_weak-139235358-43,agree_weak,139235358,43,"Tesla's valuation has historically remained disconnected from near-term fundamentals, but that does not eliminate downside risk.",True,False,False,True,False,False,False,128,,,0.05384938418865204,0.3334199786186218,0.6127306818962097,"Tesla's valuation has historically remained disconnected from near-term fundamentals, but that does not eliminate downside risk.",Tesla,0.00706712668761611,0.766636848449707,0.22629602253437042
agree_weak-139248416-18,agree_weak,139248416,18,"Musk also predicted that Tesla's Optimus humanoid robot would help humanity colonize other planets by becoming the first von Neumann probe , a theoretical machine that is capable of creating copies of itself by using raw materials sourced from a planet.",True,True,False,True,False,False,False,253,,,0.17666584253311157,0.01043767761439085,0.8128964900970459,"Musk also predicted that Tesla's Optimus humanoid robot would help humanity colonize other planets by becoming the first von Neumann probe , a theoretical machine that is capable of creating copies of itself by using raw materials sourced from a planet.",Tesla,0.15614640712738037,0.008791577070951462,0.8350620269775391
agree_weak-139259558-18,agree_weak,139259558,18,"In short, don't buy Rivian shares simply because they are miles cheaper than Tesla stock.",True,False,True,False,False,False,False,89,,,0.05432279035449028,0.021574942395091057,0.9241021871566772,"In short, don't buy Rivian shares simply because they are miles cheaper than Tesla stock.",Tesla,0.14915378391742706,0.020446453243494034,0.830399751663208
agree_weak-139265366-13,agree_weak,139265366,13,"Musk had earlier shared plans to create an Optimus Academy to train the robot by using Tesla's reality generator, which helps in the training of the company's Full Self-Driving (FSD) technology.",True,True,False,False,False,False,False,194,,,0.16648253798484802,0.009268220514059067,0.824249267578125,"Musk had earlier shared plans to create an Optimus Academy to train the robot by using Tesla's reality generator, which helps in the training of the company's Full Self-Driving (FSD) technology.",Tesla,0.15257535874843597,0.008071121759712696,0.8393535017967224
agree_weak-139908240-58,agree_weak,139908240,58,"This one isn't really a big surprise on that note, but one thing that really stood out to me in the call is how all-in on robotics Tesla is becoming.",True,False,False,True,False,False,False,149,,,0.07998292148113251,0.02375345677137375,0.896263599395752,"This one isn't really a big surprise on that note, but one thing that really stood out to me in the call is how all-in on robotics Tesla is becoming.",Tesla,0.7942448258399963,0.023741886019706726,0.18201331794261932
agree_weak-140035348-24,agree_weak,140035348,24,"During the year, Tesla also deployed 46.7 gigawatt-hours (GWh) of energy storage products.",True,False,False,True,False,False,False,90,,,0.24850961565971375,0.010425729677081108,0.7410646677017212,"During the year, Tesla also deployed 46.7 gigawatt-hours (GWh) of energy storage products.",Tesla,0.2323734611272812,0.0058119106106460094,0.7618146538734436
agree_weak-140418488-45,agree_weak,140418488,45,That comes with significant risk as Tesla takes on competing robotaxi services and legacy rideshare platforms.,True,False,False,True,False,False,False,110,,,0.099433034658432,0.5852433443069458,0.3153236508369446,That comes with significant risk as Tesla takes on competing robotaxi services and legacy rideshare platforms.,Tesla,0.004571606405079365,0.17976482212543488,0.8156635761260986
agree_weak-140457037-8,agree_weak,140457037,8,"That threshold has long been met by Waymo's vehicles, but the certification raises questions about Tesla 's filings.",True,False,True,False,False,False,False,116,,,0.10167855024337769,0.25368085503578186,0.6446405649185181,"That threshold has long been met by Waymo's vehicles, but the certification raises questions about Tesla 's filings.",Tesla,0.0029424349777400494,0.8584516048431396,0.13860593736171722
agree_weak-140457075-12,agree_weak,140457075,12,"Impax US Sustainable Economy Fund stated the following regarding Tesla, Inc. (NASDAQ:TSLA) in its Q1 2026 investor letter: ""Tesla, Inc. (NASDAQ:TSLA) (Consumer Discretionary, Automobile Manufacturers) is held but as a significant underweight position, relative to the benchmark, given limited sustainability opportunity exposure and a weaker Corporate Resilience profile.",True,False,False,False,False,False,False,371,,,0.24162070453166962,0.6395246386528015,0.11885467171669006,"Impax US Sustainable Economy Fund stated the following regarding Tesla, Inc. (NASDAQ:TSLA) in its Q1 2026 investor letter: ""Tesla, Inc. (NASDAQ:TSLA) (Consumer Discretionary, Automobile Manufacturers) is held but as a significant underweight position, relative to the benchmark, given limited sustainability opportunity exposure and a weaker Corporate Resilience profile.",Tesla,0.01191847026348114,0.8017013072967529,0.1863802671432495
agree_weak-140468096-2,agree_weak,140468096,2,"( GOOGL +0.82% ) , Amazon ( AMZN -0.80% ) , Apple ( AAPL +1.00% ) , Meta Platforms ( META +2.79% ) , Microsoft ( MSFT +0.90% ) , Nvidia ( NVDA +0.54% ) , and Tesla ( TSLA +3.80% ) .",True,False,True,True,False,False,False,181,,,0.042578745633363724,0.01587190292775631,0.9415493607521057,"( GOOGL +0.82% ) , Amazon ( AMZN -0.80% ) , Apple ( AAPL +1.00% ) , Meta Platforms ( META +2.79% ) , Microsoft ( MSFT +0.90% ) , Nvidia ( NVDA +0.54% ) , and Tesla ( TSLA +3.80% ) .",Tesla,0.6245080232620239,0.011247009038925171,0.3642449676990509
agree_weak-140757298-19,agree_weak,140757298,19,Tesla's Q2 delivery announcement before Thursday market open will provide crucial assessment of electric vehicle demand trends and the company's production capabilities.,True,False,False,True,False,False,False,169,,,0.2317638248205185,0.008448682725429535,0.7597874402999878,Tesla's Q2 delivery announcement before Thursday market open will provide crucial assessment of electric vehicle demand trends and the company's production capabilities.,Tesla,0.11195818334817886,0.004377161618322134,0.8836647272109985
agree_weak-140770027-23,agree_weak,140770027,23,Tesla's robotaxi ambitions are a key part of the company's long-term vision.,True,False,False,True,False,False,False,76,,,0.3179722726345062,0.006746847648173571,0.6752808690071106,Tesla's robotaxi ambitions are a key part of the company's long-term vision.,Tesla,0.1435961127281189,0.006160245276987553,0.8502436280250549
agree_weak-140771169-2,agree_weak,140771169,2,Tesla sold millions of cars with the promise that they would eventually gain self-driving capabilities.,True,False,False,True,False,False,False,103,,,0.269766241312027,0.011214613914489746,0.7190191745758057,Tesla sold millions of cars with the promise that they would eventually gain self-driving capabilities.,Tesla,0.15789629518985748,0.0261127520352602,0.8159910440444946
agree_weak-140776211-12,agree_weak,140776211,12,Tesla designs and sells high-performance electric vehicles alongside its expanding energy generation and storage product lines.,True,False,False,False,False,False,False,127,,,0.09639469534158707,0.009696255438029766,0.8939090371131897,Tesla designs and sells high-performance electric vehicles alongside its expanding energy generation and storage product lines.,Tesla,0.3920162320137024,0.006806753110140562,0.6011770367622375
agree_weak-141043585-3,agree_weak,141043585,3,"Tesla is set to buy electricity from Project Sterling, a large solar and battery storage project which includes 509 MW of solar power generation and a 360 MW battery storage system with 1.4 GWh of energy capacity.",True,False,False,True,False,False,False,213,,,0.17514094710350037,0.0073845903389155865,0.8174745440483093,"Tesla is set to buy electricity from Project Sterling, a large solar and battery storage project which includes 509 MW of solar power generation and a 360 MW battery storage system with 1.4 GWh of energy capacity.",Tesla,0.14669331908226013,0.008101015351712704,0.8452056646347046
agree_weak-141052886-1,agree_weak,141052886,1,"The new Defined Income Boost lineup comprises six ETFs linked to Nvidia, Tesla, Alphabet, Meta Platforms, Palantir Technologies and Micron Technology.",True,False,True,False,False,False,False,150,,,0.10115751624107361,0.008116220124065876,0.8907262682914734,"The new Defined Income Boost lineup comprises six ETFs linked to Nvidia, Tesla, Alphabet, Meta Platforms, Palantir Technologies and Micron Technology.",Tesla,0.11491740494966507,0.004785186145454645,0.8802974820137024
agree_weak-141084276-15,agree_weak,141084276,15,"Tesla's Gigafactory Shanghai is the company's largest and most productive facility, with annual capacity exceeding 950,000 vehicles and historically accounting for more than half of Tesla's global deliveries.",True,False,False,True,False,False,False,208,,,0.3927493691444397,0.008898315951228142,0.5983523726463318,"Tesla's Gigafactory Shanghai is the company's largest and most productive facility, with annual capacity exceeding 950,000 vehicles and historically accounting for more than half of Tesla's global deliveries.",Tesla,0.5804476737976074,0.008247967809438705,0.4113043546676636
agree_weak-141107636-1,agree_weak,141107636,1,"But, currently priced at 140 times next year's expected earnings of $2.23 per share, there's also no denying Tesla stock is outrageously expensive.",True,False,False,True,False,False,False,147,,,0.05439109727740288,0.33586201071739197,0.6097468733787537,"But, currently priced at 140 times next year's expected earnings of $2.23 per share, there's also no denying Tesla stock is outrageously expensive.",Tesla,0.00808716006577015,0.9552360773086548,0.03667674958705902
agree_weak-141119242-16,agree_weak,141119242,16,"Tesla’s AI infrastructure is centered on its Cortex supercomputer at Gigafactory Texas, which trains Full Self-Driving and Optimus AI models.",True,False,False,True,False,False,False,141,,,0.08000318706035614,0.01019770372658968,0.9097990989685059,"Tesla’s AI infrastructure is centered on its Cortex supercomputer at Gigafactory Texas, which trains Full Self-Driving and Optimus AI models.",Tesla,0.13371650874614716,0.010643172077834606,0.8556402325630188
agree_weak-141125703-22,agree_weak,141125703,22,"While profitable with positive cash flows, Uber is just 13% the size of Tesla That limits its relative ability to raise capital.",True,False,True,False,False,False,False,128,,,0.112873874604702,0.05755578354001045,0.8295703530311584,"While profitable with positive cash flows, Uber is just 13% the size of Tesla That limits its relative ability to raise capital.",Tesla,0.16531041264533997,0.040185730904340744,0.7945038080215454
agree_weak-141127412-15,agree_weak,141127412,15,Another concern for investors is Tesla's sky-high valuation.,True,False,False,False,False,False,False,60,,,0.1174968034029007,0.5708767175674438,0.31162649393081665,Another concern for investors is Tesla's sky-high valuation.,Tesla,0.00671754963696003,0.5698392987251282,0.42344316840171814
agree_weak-141137161-0,agree_weak,141137161,0,"The facility in Grimes County will span more than 100 million square feet and is expected to create at least 3,000 jobs Tesla $TSLA and SpaceX confirmed Thursday that their jointly developed semiconductor factory, called Terafab, will be built in Grimes County, Texas, with an initial investment of $16.8 billion and a planned workforce of at least 3,000 people.",True,False,True,False,False,False,False,362,,,0.2570588290691376,0.012605411931872368,0.7303357720375061,"The facility in Grimes County will span more than 100 million square feet and is expected to create at least 3,000 jobs Tesla $TSLA and SpaceX confirmed Thursday that their jointly developed semiconductor factory, called Terafab, will be built in Grimes County, Texas, with an initial investment of $16.8 billion and a planned workforce of at least 3,000 people.",Tesla,0.1252685785293579,0.0070574632845819,0.8676739931106567
disagree_comparative-136507791-66,disagree_comparative,136507791,66,"For investors seeking exposure to the next wave of EV growth, we believe Ford offers a more grounded path than Tesla's high-priced, slowing trajectory.",True,False,True,False,False,False,False,151,,,0.8607015609741211,0.01186751201748848,0.1274309605360031,"For investors seeking exposure to the next wave of EV growth, we believe Ford offers a more grounded path than Tesla's high-priced, slowing trajectory.",Tesla,0.003974133171141148,0.9855266809463501,0.010499213822185993
disagree_comparative-136509403-0,disagree_comparative,136509403,0,"Oops, something went wrong Prospective buyers of EVs from Tesla ( TSLA ), GM ( GM ), Ford ( F ), and others have a little extra time to purchase an EV before the Sept. 30 deadline cancels the EV tax credit.",True,False,True,False,False,False,False,206,,,0.02641487494111061,0.7564899921417236,0.21709510684013367,"Oops, something went wrong Prospective buyers of EVs from Tesla ( TSLA ), GM ( GM ), Ford ( F ), and others have a little extra time to purchase an EV before the Sept. 30 deadline cancels the EV tax credit.",Tesla,0.1723780333995819,0.02062423713505268,0.8069977164268494
disagree_comparative-136855449-0,disagree_comparative,136855449,0,"Oops, something went wrong Robert Harmon oversaw construction projects at Amazon and site selection for Tesla's first Gigafactory WASHINGTON, September 23, 2025 --( BUSINESS WIRE )",True,False,True,False,False,False,False,180,,,0.036501191556453705,0.05873846635222435,0.9047603607177734,"Oops, something went wrong Robert Harmon oversaw construction projects at Amazon and site selection for Tesla's first Gigafactory WASHINGTON, September 23, 2025 --( BUSINESS WIRE )",Tesla,0.01735595427453518,0.011358975432813168,0.9712850451469421
disagree_comparative-136904020-4,disagree_comparative,136904020,4,"Unlike big tech movers like Palantir, Nvidia, and Tesla, dividend stocks are often steady growers, which perfectly encapsulates how the companies themselves work: steady growth, sustainable cash flow, and, of course, reliable dividends.",True,False,True,False,False,False,False,236,,,0.22142572700977325,0.014452246017754078,0.7641220092773438,"Unlike big tech movers like Palantir, Nvidia, and Tesla, dividend stocks are often steady growers, which perfectly encapsulates how the companies themselves work: steady growth, sustainable cash flow, and, of course, reliable dividends.",Tesla,0.016785670071840286,0.18202626705169678,0.8011879920959473
disagree_comparative-136933989-27,disagree_comparative,136933989,27,"In other words, it’s likely only a matter of time, probably a short one, before BYD surpasses Tesla here as well.",True,False,True,False,False,False,False,113,,,0.10527213662862778,0.021369216963648796,0.8733586668968201,"In other words, it’s likely only a matter of time, probably a short one, before BYD surpasses Tesla here as well.",Tesla,0.008744997903704643,0.9696729779243469,0.021582014858722687
disagree_comparative-137215870-0,disagree_comparative,137215870,0,"According to Nvidia ( NVDA +0.54% ) CEO Jensen Huang, Tesla ( TSLA +3.80% ) CEO Elon Musk is a ""superhuman.""",True,True,True,True,False,False,False,108,,,0.05092979595065117,0.12874889373779297,0.8203213214874268,"According to Nvidia ( NVDA +0.54% ) CEO Jensen Huang, Tesla ( TSLA +3.80% ) CEO Elon Musk is a ""superhuman.""",Tesla,0.8749681115150452,0.027900777757167816,0.09713112562894821
disagree_comparative-137266456-0,disagree_comparative,137266456,0,"Oops, something went wrong For Immediate Release Chicago, IL – October 30, 2025 – Today, Zacks Investment Ideas feature highlights Amazon.com AMZN, Alphabet GOOGL and Tesla TSLA.",True,False,True,False,False,False,False,178,,,0.025594819337129593,0.03169620409607887,0.9427089691162109,"Oops, something went wrong For Immediate Release Chicago, IL – October 30, 2025 – Today, Zacks Investment Ideas feature highlights Amazon.com AMZN, Alphabet GOOGL and Tesla TSLA.",Tesla,0.28916844725608826,0.015562131069600582,0.6952694654464722
disagree_comparative-137589065-14,disagree_comparative,137589065,14,"Not all members of the elite group are equally contributing to the growth pace, ranging from Tesla's -39.5% earnings decline in Q3 to Nvidia's +57.3% jump and Alphabet's +33% growth pace.",True,False,True,False,False,False,False,187,,,0.22539032995700836,0.11618898063898087,0.6584206819534302,"Not all members of the elite group are equally contributing to the growth pace, ranging from Tesla's -39.5% earnings decline in Q3 to Nvidia's +57.3% jump and Alphabet's +33% growth pace.",Tesla,0.027132747694849968,0.8874866366386414,0.0853806659579277
disagree_comparative-137601353-12,disagree_comparative,137601353,12,"To determine if he rolled the money from Tesla and Nvidia into Microsoft and Apple, let's look at the sales and buys and see if it was a direct transfer or if he's sitting on a big pile of cash.",True,False,True,False,False,False,False,194,,,0.03721938654780388,0.027915000915527344,0.9348655939102173,"To determine if he rolled the money from Tesla and Nvidia into Microsoft and Apple, let's look at the sales and buys and see if it was a direct transfer or if he's sitting on a big pile of cash.",Tesla,0.0020922855474054813,0.013244419358670712,0.9846632480621338
disagree_comparative-138293770-15,disagree_comparative,138293770,15,"BYD is also currently the world's largest EV maker , dethroning Tesla for the first time last year.",True,False,True,False,False,False,False,99,,,0.20262911915779114,0.013142907060682774,0.7842280268669128,"BYD is also currently the world's largest EV maker , dethroning Tesla for the first time last year.",Tesla,0.004125868435949087,0.933138370513916,0.06273578852415085
disagree_comparative-138306068-44,disagree_comparative,138306068,44,"If SpaceX goes public at a $1.5 trillion valuation, he wins that battle regardless of what Tesla stock does next quarter.",True,False,True,True,False,False,False,121,,,0.08908494561910629,0.017239224165678024,0.8936758637428284,"If SpaceX goes public at a $1.5 trillion valuation, he wins that battle regardless of what Tesla stock does next quarter.",Tesla,0.03431800752878189,0.863418698310852,0.10226329416036606
disagree_comparative-138316633-8,disagree_comparative,138316633,8,"""My take: Investors would likely approve the deal (either SpaceX or Tesla buying xAI) because it's Elon thinking big, future versions of Colossus belong in space,"" Munster wrote.",True,True,True,True,False,False,False,178,,,0.5206770300865173,0.013018877245485783,0.46630406379699707,"""My take: Investors would likely approve the deal (either SpaceX or Tesla buying xAI) because it's Elon thinking big, future versions of Colossus belong in space,"" Munster wrote.",Tesla,0.011538340710103512,0.01342641282826662,0.9750351905822754
disagree_comparative-138495312-23,disagree_comparative,138495312,23,"""Tesla's robotaxi dream hits wall of distrust — Waymo cruises ahead"" , by Surbhi Jain , reports that nearly half of Americans surveyed say Tesla 's (NASDAQ: TSLA )",True,False,True,True,False,False,False,163,,,0.08224193751811981,0.035427309572696686,0.8823307752609253,"""Tesla's robotaxi dream hits wall of distrust — Waymo cruises ahead"" , by Surbhi Jain , reports that nearly half of Americans surveyed say Tesla 's (NASDAQ: TSLA )",Tesla,0.01374906487762928,0.5437228083610535,0.4425281286239624
disagree_comparative-138929005-24,disagree_comparative,138929005,24,"On the other hand, Waymo, which competes with Tesla’s robotaxi, recently announced that it reached 14 million paid Robotaxi rides in 2025, also reportedly reaching the 450,000 weekly Robotaxi rides milestone.",True,False,True,True,False,False,False,208,,,0.8934903144836426,0.009642744436860085,0.09686694294214249,"On the other hand, Waymo, which competes with Tesla’s robotaxi, recently announced that it reached 14 million paid Robotaxi rides in 2025, also reportedly reaching the 450,000 weekly Robotaxi rides milestone.",Tesla,0.01926615461707115,0.42768383026123047,0.5530500411987305
disagree_comparative-139197273-6,disagree_comparative,139197273,6,"Meanwhile, Tesla's Chinese competitor BYD, which sells a mix of pure EVs and hybrids, reported sales in Europe jumped 165% to 18,242 units.",True,False,True,True,False,False,False,139,,,0.957895815372467,0.02151944488286972,0.020584693178534508,"Meanwhile, Tesla's Chinese competitor BYD, which sells a mix of pure EVs and hybrids, reported sales in Europe jumped 165% to 18,242 units.",Tesla,0.06438032537698746,0.12313881516456604,0.8124807476997375
disagree_comparative-139559196-17,disagree_comparative,139559196,17,"Some analysts think a combined Tesla and SpaceX could give Elon Musk tighter control of an integrated AI and space platform, while others, like Gary Black, have warned that a stock-based deal at current valuations could be dilutive for existing Tesla holders and introduce new governance and capital allocation questions.",True,True,True,True,False,False,False,321,,,0.012696599587798119,0.9293935894966125,0.057909853756427765,"Some analysts think a combined Tesla and SpaceX could give Elon Musk tighter control of an integrated AI and space platform, while others, like Gary Black, have warned that a stock-based deal at current valuations could be dilutive for existing Tesla holders and introduce new governance and capital allocation questions.",Tesla,0.030471621081233025,0.004918017890304327,0.9646102786064148
disagree_comparative-139563812-9,disagree_comparative,139563812,9,The reality is that Amazon ( NASDAQ:AMZN | AMZN Price Prediction ) and Tesla ( NASDAQ:TSLA ) together make up roughly 40% of the fund.,True,False,True,True,False,False,False,134,,,0.03699231520295143,0.01675279252231121,0.9462548494338989,The reality is that Amazon ( NASDAQ:AMZN | AMZN Price Prediction ) and Tesla ( NASDAQ:TSLA ) together make up roughly 40% of the fund.,Tesla,0.011364548467099667,0.037610579282045364,0.9510248899459839
disagree_comparative-139579133-3,disagree_comparative,139579133,3,"The shift comes at a pivotal moment for BYD, which has overtaken Tesla ( NASDAQ:TSLA ) as the world's top-selling EV maker but is now facing softer momentum in its home market.",True,False,True,False,False,False,False,176,,,0.5295925736427307,0.39879268407821655,0.07161466032266617,"The shift comes at a pivotal moment for BYD, which has overtaken Tesla ( NASDAQ:TSLA ) as the world's top-selling EV maker but is now facing softer momentum in its home market.",Tesla,0.03190634399652481,0.6939466595649719,0.27414703369140625
disagree_comparative-139590970-10,disagree_comparative,139590970,10,Investors who have been watching Nio’s recent momentum against Tesla will be paying close attention to whether those numbers confirm the trend.,True,False,True,True,False,False,False,143,,,0.3404293656349182,0.018707573413848877,0.6408630609512329,Investors who have been watching Nio’s recent momentum against Tesla will be paying close attention to whether those numbers confirm the trend.,Tesla,0.0036080963909626007,0.911937952041626,0.08445392549037933
disagree_comparative-139909984-46,disagree_comparative,139909984,46,"Even so, the bigger force over the next few months may be sentiment around Elon Musk’s broader ecosystem, because a successful SpaceX IPO could quickly pull attention away from Tesla’s cash burn and back toward the growth optionality investors usually pay up for in Musk-linked assets.",True,True,True,False,False,False,False,285,,,0.3373178243637085,0.10545024275779724,0.5572319030761719,"Even so, the bigger force over the next few months may be sentiment around Elon Musk’s broader ecosystem, because a successful SpaceX IPO could quickly pull attention away from Tesla’s cash burn and back toward the growth optionality investors usually pay up for in Musk-linked assets.",Tesla,0.059044186025857925,0.6633891463279724,0.27756673097610474
disagree_comparative-139926442-8,disagree_comparative,139926442,8,"Last year, BYD became the top-selling EV company , taking the crown from Tesla .",True,False,True,False,False,False,False,80,,,0.6994724273681641,0.01174922939389944,0.28877830505371094,"Last year, BYD became the top-selling EV company , taking the crown from Tesla .",Tesla,0.016084536910057068,0.860234797000885,0.12368064373731613
disagree_comparative-140418488-4,disagree_comparative,140418488,4,"Despite the sprawling business empire Musk has built, one company finds itself with a significant number of operations that go head-to-head with Tesla or SpaceX.",True,True,True,False,False,False,False,161,,,0.10968072712421417,0.014241546392440796,0.8760777115821838,"Despite the sprawling business empire Musk has built, one company finds itself with a significant number of operations that go head-to-head with Tesla or SpaceX.",Tesla,0.0045867557637393475,0.03941979259252548,0.9559934139251709
disagree_comparative-140420086-58,disagree_comparative,140420086,58,Tesla just… Tesla (NASDAQ: TSLA | TSLA Price Prediction) and BYD (OTC: BYDDF) sit on opposite sides of the global EV map.…,True,False,True,True,False,False,False,122,,,0.06644728779792786,0.01622593402862549,0.917326807975769,Tesla just… Tesla (NASDAQ: TSLA | TSLA Price Prediction) and BYD (OTC: BYDDF) sit on opposite sides of the global EV map.…,Tesla,0.008892256766557693,0.02083706483244896,0.9702706933021545
disagree_comparative-140427269-0,disagree_comparative,140427269,0,"Oops, something went wrong Investing.com -- Elon Musk has discussed with colleagues the possibility of combining SpaceX with Tesla, according to a CNBC report on Tuesday.",True,True,True,False,False,False,False,170,,,0.08416139334440231,0.02349327690899372,0.8923453092575073,"Oops, something went wrong Investing.com -- Elon Musk has discussed with colleagues the possibility of combining SpaceX with Tesla, according to a CNBC report on Tuesday.",Tesla,0.015158270485699177,0.03999008238315582,0.9448516368865967
disagree_comparative-140431925-10,disagree_comparative,140431925,10,"Despite its third consecutive month of gains, Tesla is still lagging behind BYD, which continued to race ahead with a surge of about 117% YoY.",True,False,True,True,False,False,False,142,,,0.7743526697158813,0.19743317365646362,0.028214160352945328,"Despite its third consecutive month of gains, Tesla is still lagging behind BYD, which continued to race ahead with a surge of about 117% YoY.",Tesla,0.04862741380929947,0.8468658924102783,0.10450662672519684
disagree_comparative-140453397-0,disagree_comparative,140453397,0,"Oops, something went wrong Waymo has nearly 600 autonomous vehicles registered in Texas, a figure that far outpaces emerging competitors Avride, Nuro, Tesla, and Zoox, according to data available in a new website launched by the Texas Department of Motor Vehicles.",True,False,True,False,False,False,False,264,,,0.3121007978916168,0.0514163076877594,0.6364828944206238,"Oops, something went wrong Waymo has nearly 600 autonomous vehicles registered in Texas, a figure that far outpaces emerging competitors Avride, Nuro, Tesla, and Zoox, according to data available in a new website launched by the Texas Department of Motor Vehicles.",Tesla,0.01492980308830738,0.5136579871177673,0.47141221165657043
disagree_comparative-140454462-9,disagree_comparative,140454462,9,"Ford’s price action over the last month — in which it has added roughly a quarter to its market cap — is usually not something we associate with legacy automakers, but more like that of Tesla (TSLA) .",True,False,True,False,False,False,False,200,,,0.05639830231666565,0.12210113555192947,0.8215005397796631,"Ford’s price action over the last month — in which it has added roughly a quarter to its market cap — is usually not something we associate with legacy automakers, but more like that of Tesla (TSLA) .",Tesla,0.9413731098175049,0.006672499235719442,0.051954325288534164
disagree_comparative-140724539-0,disagree_comparative,140724539,0,"Oops, something went wrong June 25 (Reuters) - Micron Technology edged past the market valuation ‌of Meta Platforms and briefly ‌Tesla's for the first time on Thursday, ​after the memory chipmaker's solid forecast helped extend its AI-driven ascent.",True,False,True,False,False,False,False,249,,,0.94782555103302,0.026827741414308548,0.025346700102090836,"Oops, something went wrong June 25 (Reuters) - Micron Technology edged past the market valuation ‌of Meta Platforms and briefly ‌Tesla's for the first time on Thursday, ​after the memory chipmaker's solid forecast helped extend its AI-driven ascent.",Tesla,0.006826537195593119,0.023337651044130325,0.9698358774185181
disagree_comparative-140725566-60,disagree_comparative,140725566,60,"The newly public rocket and connectivity giant has… Elon Musk is talking openly about merging Tesla (NASDAQ:TSLA | TSLA Price Prediction) and SpaceX, and he is doing it… Tesla is sitting 10% below where it started the year, but the options market and a rapidly changing cost structure… SpaceX reports its first-ever quarterly earnings Tuesday while a wave of insider shares looms on the horizon, and both events…",True,True,True,True,False,False,False,412,,,0.3976096510887146,0.43580934405326843,0.16658098995685577,"The newly public rocket and connectivity giant has… Elon Musk is talking openly about merging Tesla (NASDAQ:TSLA | TSLA Price Prediction) and SpaceX, and he is doing it… Tesla is sitting 10% below where it started the year, but the options market and a rapidly changing cost structure… SpaceX reports its first-ever quarterly earnings Tuesday while a wave of insider shares looms on the horizon, and both events…",Tesla,0.14041700959205627,0.1023949459195137,0.757188081741333
disagree_comparative-140735749-14,disagree_comparative,140735749,14,"His latest Rivian comments suggest he may have found something closer to that idea, just not from Tesla.",True,False,True,False,False,False,False,104,,,0.13223062455654144,0.024236874654889107,0.8435324430465698,"His latest Rivian comments suggest he may have found something closer to that idea, just not from Tesla.",Tesla,0.006136480253189802,0.771533191204071,0.22233031690120697
disagree_comparative-140739083-1,disagree_comparative,140739083,1,"Slate Auto, backed by Amazon.com founder Jeff Bezos , could have the secret formula to making disruption in the pickup truck market that includes Tesla Inc , Rivian Automotive , General Motors Co and Ford Motor Co .",True,False,True,False,False,False,False,215,,,0.03149668499827385,0.06420698761940002,0.904296338558197,"Slate Auto, backed by Amazon.com founder Jeff Bezos , could have the secret formula to making disruption in the pickup truck market that includes Tesla Inc , Rivian Automotive , General Motors Co and Ford Motor Co .",Tesla,0.3404254615306854,0.07668910920619965,0.5828855037689209
disagree_comparative-140745243-3,disagree_comparative,140745243,3,"Right now, there's one reason you might want to own SpaceX stock over Tesla.",True,False,True,False,False,False,False,76,,,0.04557459428906441,0.023597991093993187,0.9308273792266846,"Right now, there's one reason you might want to own SpaceX stock over Tesla.",Tesla,0.004844381473958492,0.9804775714874268,0.014678004197776318
disagree_comparative-140763930-4,disagree_comparative,140763930,4,2 See for yourself (Sponsor) Sending You to Google News in 3 It has been assumed up until recently that the primary challenge to Tesla’s ( NASDAQ: TSLA | TSLA Price Prediction ) self-driving business was Google Waymo.,True,False,True,True,False,False,False,217,,,0.07639970630407333,0.032996416091918945,0.8906038999557495,2 See for yourself (Sponsor) Sending You to Google News in 3 It has been assumed up until recently that the primary challenge to Tesla’s ( NASDAQ: TSLA | TSLA Price Prediction ) self-driving business was Google Waymo.,Tesla,0.011375370435416698,0.02427954412996769,0.9643450379371643
disagree_comparative-141043455-35,disagree_comparative,141043455,35,"Free Stock Analysis Report Apple Inc. (AAPL) : Free Stock Analysis Report Microsoft Corporation (MSFT) : Free Stock Analysis Report ASML Holding N.V. (ASML) : Free Stock Analysis Report Tesla, Inc. (TSLA) : Free Stock Analysis Report Alphabet Inc. (GOOGL) : Free Stock Analysis Report Meta Platforms, Inc. (META) : Free Stock Analysis Report This article originally published on Zacks Investment Research (zacks.com).",True,False,True,False,False,False,False,417,,,0.020792506635189056,0.03311851620674133,0.9460890293121338,"Free Stock Analysis Report Apple Inc. (AAPL) : Free Stock Analysis Report Microsoft Corporation (MSFT) : Free Stock Analysis Report ASML Holding N.V. (ASML) : Free Stock Analysis Report Tesla, Inc. (TSLA) : Free Stock Analysis Report Alphabet Inc. (GOOGL) : Free Stock Analysis Report Meta Platforms, Inc. (META) : Free Stock Analysis Report This article originally published on Zacks Investment Research (zacks.com).",Tesla,0.1684299111366272,0.0155648747459054,0.8160052299499512
disagree_comparative-141046304-18,disagree_comparative,141046304,18,Get the latest stock analysis from Benzinga: TESLA (TSLA): Free Stock Analysis Report SPACEX (SPCX): Free Stock Analysis Report This article SpaceX Wipes Out a Full Tesla's Worth of Market Value Since Peaking in June originally appeared on Benzinga.com © 2026 Benzinga.com.,True,False,True,True,False,False,False,273,,,0.01827598549425602,0.059420615434646606,0.9223034381866455,Get the latest stock analysis from Benzinga: TESLA (TSLA): Free Stock Analysis Report SPACEX (SPCX): Free Stock Analysis Report This article SpaceX Wipes Out a Full Tesla's Worth of Market Value Since Peaking in June originally appeared on Benzinga.com © 2026 Benzinga.com.,Tesla,0.034638676792383194,0.0037574043963104486,0.9616038799285889
disagree_comparative-141051091-10,disagree_comparative,141051091,10,Musk said in Tesla’s latest earnings call that there was “more and more overlap” with SpaceX and singled out Terafab as a “gigantic project.”,True,True,True,False,False,False,False,141,,,0.148533895611763,0.6204671859741211,0.2309989184141159,Musk said in Tesla’s latest earnings call that there was “more and more overlap” with SpaceX and singled out Terafab as a “gigantic project.”,Tesla,0.06170717999339104,0.04339715465903282,0.8948956727981567
disagree_comparative-141052875-3,disagree_comparative,141052875,3,Wood also bought into Tesla and SpaceX amid the recent dip in the market.,True,False,True,False,False,False,False,73,,,0.21685275435447693,0.6279701590538025,0.15517713129520416,Wood also bought into Tesla and SpaceX amid the recent dip in the market.,Tesla,0.01795022003352642,0.0026185689494013786,0.9794312119483948
disagree_comparative-141052990-62,disagree_comparative,141052990,62,"Ford (NYSE: F) closed 2025 with a $10.70 billion impairment charge tied to Model e asset write-downs and EV program… Shares of Ford Motor Company (NYSE:F | F Price Prediction) are up 8% in midday trading on Friday, decisively outstripping… Shares of Ford Motor Company (NYSE:F | F Price Prediction) are up roughly 7% in Wednesday morning trading, climbing to… Shares of Ford (NYSE:F | F Price Prediction) are up 6% in premarket trading Monday, changing hands near $14.21 after… General Motors (NYSE: GM | GM Price Prediction) and Ford (NYSE: F) both reported Q1 2026 results in late April,… Shares of Ford (NYSE:F | F Price Prediction) are up 8% on Thursday morning, trading near $14.60 after closing yesterday… Ford stock is up 6% in midday trading on Friday, extending an extraordinary run that has lifted Ford (NYSE:F |… Tesla heads into Wednesday's Q2 earnings report with a 17% year-to-date loss and a valuation that assumes autonomy will eventually… Ford (NYSE: F | F Price Prediction) and General Motors (NYSE: GM) recently posted Q1 2026 results, and the contrast…",True,False,True,True,False,False,False,1072,,,0.9471235871315002,0.02815191075205803,0.0247244480997324,"Ford (NYSE: F) closed 2025 with a $10.70 billion impairment charge tied to Model e asset write-downs and EV program… Shares of Ford Motor Company (NYSE:F | F Price Prediction) are up 8% in midday trading on Friday, decisively outstripping… Shares of Ford Motor Company (NYSE:F | F Price Prediction) are up roughly 7% in Wednesday morning trading, climbing to… Shares of Ford (NYSE:F | F Price Prediction) are up 6% in premarket trading Monday, changing hands near $14.21 after… General Motors (NYSE: GM | GM Price Prediction) and Ford (NYSE: F) both reported Q1 2026 results in late April,… Shares of Ford (NYSE:F | F Price Prediction) are up 8% on Thursday morning, trading near $14.60 after closing yesterday… Ford stock is up 6% in midday trading on Friday, extending an extraordinary run that has lifted Ford (NYSE:F |… Tesla heads into Wednesday's Q2 earnings report with a 17% year-to-date loss and a valuation that assumes autonomy will eventually… Ford (NYSE: F | F Price Prediction) and General Motors (NYSE: GM) recently posted Q1 2026 results, and the contrast…",Tesla,0.07131876051425934,0.08344288915395737,0.8452382683753967
disagree_comparative-141053939-25,disagree_comparative,141053939,25,"Ford isn't just sitting around waiting for Tesla to get the entire market share, and other automakers may follow suit.",True,False,True,True,False,False,False,118,,,0.17182064056396484,0.013123121112585068,0.8150562644004822,"Ford isn't just sitting around waiting for Tesla to get the entire market share, and other automakers may follow suit.",Tesla,0.05099867656826973,0.251426637172699,0.6975746750831604
disagree_comparative-141061122-3,disagree_comparative,141061122,3,"Waymo on Wednesday upgraded its purpose-built Ojai robotaxi with Google’s Gemini AI cabin assistant, in a move reminiscent of rival Tesla incorporating the Grok chatbot into its own vehicles.",True,False,True,False,False,False,False,191,,,0.6761771440505981,0.011858691461384296,0.31196412444114685,"Waymo on Wednesday upgraded its purpose-built Ojai robotaxi with Google’s Gemini AI cabin assistant, in a move reminiscent of rival Tesla incorporating the Grok chatbot into its own vehicles.",Tesla,0.14104360342025757,0.3412093222141266,0.5177470445632935
disagree_comparative-141063911-19,disagree_comparative,141063911,19,There's a big difference between Tesla being a customer of SpaceX (or vice versa) and combining two aesthetically different businesses and expecting them to be more cost-efficient.,True,False,True,True,False,False,False,180,,,0.1416826695203781,0.016061844304203987,0.8422554135322571,There's a big difference between Tesla being a customer of SpaceX (or vice versa) and combining two aesthetically different businesses and expecting them to be more cost-efficient.,Tesla,0.005018966272473335,0.058450546115636826,0.9365305304527283
disagree_comparative-141066689-1,disagree_comparative,141066689,1,"GM trades at a 7x forward P/E versus Tesla's 171x multiple, and Rivian's $1 billion cash burn makes Tesla the safer EV bet.",True,False,True,True,False,False,False,123,,,0.35254693031311035,0.01560175884515047,0.6318512558937073,"GM trades at a 7x forward P/E versus Tesla's 171x multiple, and Rivian's $1 billion cash burn makes Tesla the safer EV bet.",Tesla,0.08683127909898758,0.8830674290657043,0.030101226642727852
disagree_comparative-141069767-15,disagree_comparative,141069767,15,The move places BYD against Tesla's ( NASDAQ:TSLA ) Optimus program and Chinese rivals including XPeng.,True,False,True,False,False,False,False,103,,,0.43122968077659607,0.05756786838173866,0.5112024545669556,The move places BYD against Tesla's ( NASDAQ:TSLA ) Optimus program and Chinese rivals including XPeng.,Tesla,0.019613534212112427,0.04464617744088173,0.9357402324676514
disagree_comparative-141076136-0,disagree_comparative,141076136,0,"Get up to $1190 Welcome Reward on BTCC Buy on Binance Varinder Singh Highlights Elon Musk has rejected a Wall Street Journal report claiming Tesla is considering selling or spinning off its China business for a potential merger with SpaceX, labeling the story “fake news.”",True,True,True,True,False,False,False,272,,,0.0789029598236084,0.8145878911018372,0.10650914162397385,"Get up to $1190 Welcome Reward on BTCC Buy on Binance Varinder Singh Highlights Elon Musk has rejected a Wall Street Journal report claiming Tesla is considering selling or spinning off its China business for a potential merger with SpaceX, labeling the story “fake news.”",Tesla,0.09475422650575638,0.03276792913675308,0.8724778294563293
disagree_comparative-141082590-22,disagree_comparative,141082590,22,"There are many rumors that SpaceX may buy Tesla, or Tesla may buy SpaceX, or that they will merge in some manner.",True,False,True,True,False,False,False,113,,,0.04720354452729225,0.03302367776632309,0.919772744178772,"There are many rumors that SpaceX may buy Tesla, or Tesla may buy SpaceX, or that they will merge in some manner.",Tesla,0.010512664914131165,0.14940199255943298,0.8400853872299194
disagree_comparative-141106143-10,disagree_comparative,141106143,10,"For years, GM was criticized for moving too cautiously in the EV business while Tesla stormed ahead.",True,False,True,True,False,False,False,100,,,0.02063130773603916,0.8728694319725037,0.10649918019771576,"For years, GM was criticized for moving too cautiously in the EV business while Tesla stormed ahead.",Tesla,0.8728549480438232,0.07437103986740112,0.052774056792259216
disagree_comparative-141127411-5,disagree_comparative,141127411,5,"Long before Tesla (TSLA) and SpaceX (SPCX) CEO Elon Musk became the world’s richest person, he and his brother, Kimbal Musk , were living inside their startup.",True,True,True,True,False,False,False,159,,,0.02793451026082039,0.044807158410549164,0.9272583723068237,"Long before Tesla (TSLA) and SpaceX (SPCX) CEO Elon Musk became the world’s richest person, he and his brother, Kimbal Musk , were living inside their startup.",Tesla,0.0051257372833788395,0.0044746422208845615,0.9903995394706726
disagree_comparative-141140367-0,disagree_comparative,141140367,0,It’s official: SpaceX and Tesla are building a massive $16.8 billion chipmaking facility outside of College Station in Grimes County.,True,False,True,True,False,False,False,133,,,0.13778084516525269,0.009638630785048008,0.8525805473327637,It’s official: SpaceX and Tesla are building a massive $16.8 billion chipmaking facility outside of College Station in Grimes County.,Tesla,0.012022215873003006,0.016785750165581703,0.9711920022964478
disagree_comparative-141144631-10,disagree_comparative,141144631,10,He also floated the possibility of SpaceX eventually absorbing Tesla or parts of its robotics and autonomous-driving operations.,True,False,True,False,False,False,False,128,,,0.08187806606292725,0.013503161258995533,0.9046187996864319,He also floated the possibility of SpaceX eventually absorbing Tesla or parts of its robotics and autonomous-driving operations.,Tesla,0.0025488424580544233,0.003908047918230295,0.9935431480407715
disagree_comparative-141146266-51,disagree_comparative,141146266,51,"For investors willing to tolerate higher risk, we would recommend choosing SpaceX over Tesla.",True,False,True,False,False,False,False,93,,,0.11134102940559387,0.012176073156297207,0.8764829635620117,"For investors willing to tolerate higher risk, we would recommend choosing SpaceX over Tesla.",Tesla,0.003230385249480605,0.9827285408973694,0.014041028916835785
disagree_plain-136536120-26,disagree_plain,136536120,26,The Aurora Innovation pick could be a good tradeoff for investors looking for exposure to the autonomous vehicle space outside of Tesla.,True,False,False,False,False,False,False,136,,,0.7616516351699829,0.008394207805395126,0.22995418310165405,The Aurora Innovation pick could be a good tradeoff for investors looking for exposure to the autonomous vehicle space outside of Tesla.,Tesla,0.004087579902261496,0.020110689103603363,0.9758018255233765
disagree_plain-136861499-0,disagree_plain,136861499,0,"Oops, something went wrong Tesla (TSLA) is one of the stocks most watched by Zacks.com visitors lately.",True,False,False,False,False,False,False,103,,,0.028274521231651306,0.5084225535392761,0.46330296993255615,"Oops, something went wrong Tesla (TSLA) is one of the stocks most watched by Zacks.com visitors lately.",Tesla,0.16949227452278137,0.06916125118732452,0.7613464593887329
disagree_plain-136865903-30,disagree_plain,136865903,30,"If Tesla clears that level, it could open the door to more upside, but if it stalls there, a pullback wouldn’t surprise me.",True,False,False,True,False,False,False,123,,,0.34964719414711,0.0970204621553421,0.5533324480056763,"If Tesla clears that level, it could open the door to more upside, but if it stalls there, a pullback wouldn’t surprise me.",Tesla,0.060304541140794754,0.18911020457744598,0.7505851984024048
disagree_plain-136885566-7,disagree_plain,136885566,7,But the company financially benefits from stricter environmental regulations.,True,False,False,False,False,True,False,77,4,15,0.7860099673271179,0.014394312165677547,0.19959570467472076,But Tesla financially benefits from stricter environmental regulations.,Tesla,0.0669376328587532,0.1160162091255188,0.8170461654663086
disagree_plain-136915646-8,disagree_plain,136915646,8,"However, the firm suggested the market may already be pricing in that outcome and warned that ""we wouldn't be surprised if there is a near-term breather.""",True,False,False,False,True,False,False,154,9,17,0.7032568454742432,0.16652750968933105,0.1302156150341034,"However, Tesla suggested the market may already be pricing in that outcome and warned that ""we wouldn't be surprised if there is a near-term breather.""",Tesla,0.005008844658732414,0.032523613423109055,0.9624674916267395
disagree_plain-136933989-9,disagree_plain,136933989,9,"Against that backdrop, the big question emerges: with TSLA stock still buoyed by investor enthusiasm for AI, robotaxis, and future tech promises, how long can the disconnect between the narrative and the numbers last?",True,False,False,False,False,False,False,217,,,0.11198638379573822,0.0899687111377716,0.7980449795722961,"Against that backdrop, the big question emerges: with TSLA stock still buoyed by investor enthusiasm for AI, robotaxis, and future tech promises, how long can the disconnect between the narrative and the numbers last?",Tesla,0.03140201047062874,0.10955854505300522,0.8590394854545593
disagree_plain-137247798-105,disagree_plain,137247798,105,"That is one expense that's rising in the call, they attributed at least some of it.",True,False,False,False,False,True,False,83,47,51,0.20518670976161957,0.0721026137471199,0.7227107286453247,"That is one expense that's rising in the call, Tesla attributed at least some of it.",Tesla,0.008838186971843243,0.7058110237121582,0.2853507995605469
disagree_plain-137260277-6,disagree_plain,137260277,6,"The company's board is urging approval, with Chair Robyn Denholm saying this week that Musk could leave Tesla if the deal is rejected.",True,True,False,False,False,False,False,134,,,0.02373499982059002,0.728854775428772,0.24741029739379883,"The company's board is urging approval, with Chair Robyn Denholm saying this week that Musk could leave Tesla if the deal is rejected.",Tesla,0.09242919087409973,0.03388167917728424,0.8736891746520996
disagree_plain-137268551-12,disagree_plain,137268551,12,"The stock now has close to a $1.4 trillion market cap and trades close to 277 times forward earnings, which is a much higher multiple than others in the "" Magnificent Seven .""",True,False,False,False,False,True,False,175,0,9,0.18029741942882538,0.09592565149068832,0.7237769365310669,"Tesla now has close to a $1.4 trillion market cap and trades close to 277 times forward earnings, which is a much higher multiple than others in the "" Magnificent Seven .""",Tesla,0.018731528893113136,0.8908898234367371,0.09037858247756958
disagree_plain-137589125-5,disagree_plain,137589125,5,Tesla's unreleased Cybercab vehicle.,True,False,False,False,False,False,False,36,,,0.02847393788397312,0.044701457023620605,0.9268246293067932,Tesla's unreleased Cybercab vehicle.,Tesla,0.007016324903815985,0.0018109962111338973,0.991172730922699
disagree_plain-137591345-0,disagree_plain,137591345,0,"Oops, something went wrong Morning Brief Host Julie Hyman tracks several of the day's top trending stock tickers, including Tesla ( TSLA ), Novo Nordisk ( NVO ), Oscar Health ( OSCR ), and Centene ( CNC ).",True,False,False,False,False,False,False,205,,,0.02690376527607441,0.41186457872390747,0.5612316727638245,"Oops, something went wrong Morning Brief Host Julie Hyman tracks several of the day's top trending stock tickers, including Tesla ( TSLA ), Novo Nordisk ( NVO ), Oscar Health ( OSCR ), and Centene ( CNC ).",Tesla,0.05964706465601921,0.016114424914121628,0.9242385625839233
disagree_plain-137649810-25,disagree_plain,137649810,25,"And yet shares trade at a price-to-sales ratio of 3, while Tesla stock trades at more than 15 times sales.",True,False,False,False,False,False,False,106,,,0.05310211703181267,0.015513546764850616,0.9313843250274658,"And yet shares trade at a price-to-sales ratio of 3, while Tesla stock trades at more than 15 times sales.",Tesla,0.005671338643878698,0.9230084419250488,0.07132028043270111
disagree_plain-137908149-15,disagree_plain,137908149,15,The numbers behind Tesla Energy are hard to ignore.,True,False,False,True,False,False,False,51,,,0.028932049870491028,0.06065753847360611,0.9104104042053223,The numbers behind Tesla Energy are hard to ignore.,Tesla,0.1452428251504898,0.0061620366759598255,0.8485950231552124
disagree_plain-137941909-0,disagree_plain,137941909,0,"Oops, something went wrong Tesla 's TSLA Full Self-Driving (Supervised) fleet is reaching the 7 billion total miles driven mark in cumulative driving, per data published on its official FSD webpage.",True,False,False,True,False,False,False,198,,,0.1780061274766922,0.6467283964157104,0.17526546120643616,"Oops, something went wrong Tesla 's TSLA Full Self-Driving (Supervised) fleet is reaching the 7 billion total miles driven mark in cumulative driving, per data published on its official FSD webpage.",Tesla,0.027101827785372734,0.012582520954310894,0.9603155851364136
disagree_plain-138290185-12,disagree_plain,138290185,12,"At Davos, tech CEOs laid out their vision for AI's world domination As Tesla's vehicle sales have fallen over the past year, Musk and the company have emphasized a shift towards AI-driven projects such as Optimus consumer robots and self-driving Robotaxis.",True,True,False,True,False,False,False,256,,,0.09040508419275284,0.7567706108093262,0.15282432734966278,"At Davos, tech CEOs laid out their vision for AI's world domination As Tesla's vehicle sales have fallen over the past year, Musk and the company have emphasized a shift towards AI-driven projects such as Optimus consumer robots and self-driving Robotaxis.",Tesla,0.12028785794973373,0.07573222368955612,0.8039798736572266
disagree_plain-138293131-12,disagree_plain,138293131,12,"Tesla’s impairment is purely non-cash GAAP accounting noise, meaning profits could rebound sharply if Bitcoin recovers .",True,False,False,True,False,False,False,120,,,0.403170645236969,0.5414451956748962,0.055384185165166855,"Tesla’s impairment is purely non-cash GAAP accounting noise, meaning profits could rebound sharply if Bitcoin recovers .",Tesla,0.15122348070144653,0.11446918547153473,0.7343073487281799
disagree_plain-138300033-23,disagree_plain,138300033,23,"By literally swapping delivery guidance with FSD subscription numbers, Tesla is trying to reemphasize the dwindling importance of the former and the growing importance of the latter.",True,False,False,True,False,False,False,182,,,0.274170845746994,0.03157544881105423,0.6942537426948547,"By literally swapping delivery guidance with FSD subscription numbers, Tesla is trying to reemphasize the dwindling importance of the former and the growing importance of the latter.",Tesla,0.04121626168489456,0.5469723343849182,0.41181132197380066
disagree_plain-138304567-4,disagree_plain,138304567,4,Wall Street's $12B Real Estate Manager Is Opening Its Doors to Individual Investors — Without the Crowdfunding Middlemen Tesla does not publish a breakdown of its cryptocurrency holdings.,True,False,False,True,False,False,False,187,,,0.12304311245679855,0.010197198018431664,0.866759717464447,Wall Street's $12B Real Estate Manager Is Opening Its Doors to Individual Investors — Without the Crowdfunding Middlemen Tesla does not publish a breakdown of its cryptocurrency holdings.,Tesla,0.02715337462723255,0.046898480504751205,0.9259481430053711
disagree_plain-138307221-19,disagree_plain,138307221,19,"The thing is, they have to get there.",True,False,False,False,False,True,False,37,14,18,0.0923011526465416,0.055077023804187775,0.8526217937469482,"The thing is, Tesla have to get there.",Tesla,0.011288212612271309,0.027577584609389305,0.9611341953277588
disagree_plain-139178059-14,disagree_plain,139178059,14,"The vast majority of the EV maker's sky-high valuation is attributable to what it could become in the future, not what it is today.",True,False,False,False,True,False,False,131,21,33,0.05606730282306671,0.020043667405843735,0.9238889813423157,"The vast majority of Tesla's sky-high valuation is attributable to what it could become in the future, not what it is today.",Tesla,0.05239604040980339,0.0850427895784378,0.8625611066818237
disagree_plain-139191696-3,disagree_plain,139191696,3,Musk is so serious about Optimus' potential that he's made the executive decision to scale down production of the models S and X vehicles and repurpose Tesla's Fremont factory into a manufacturing center for Optimus.,True,True,False,False,False,False,False,216,,,0.030015219002962112,0.5822193622589111,0.38776543736457825,Musk is so serious about Optimus' potential that he's made the executive decision to scale down production of the models S and X vehicles and repurpose Tesla's Fremont factory into a manufacturing center for Optimus.,Tesla,0.3458218574523926,0.016328545287251472,0.6378495693206787
disagree_plain-139196875-11,disagree_plain,139196875,11,"The RSI is currently at 42.84, which is considered neutral territory, indicating that Tesla is neither overbought nor oversold.",True,False,False,True,False,False,False,127,,,0.17170432209968567,0.20890973508358002,0.6193859577178955,"The RSI is currently at 42.84, which is considered neutral territory, indicating that Tesla is neither overbought nor oversold.",Tesla,0.3937496542930603,0.016028158366680145,0.5902222394943237
disagree_plain-139229529-20,disagree_plain,139229529,20,The shift from premium EVs toward Optimus and robotaxis means more of Tesla's value depends on AI execution and regulatory acceptance rather than traditional vehicle sales.,True,False,False,True,False,False,False,172,,,0.20438210666179657,0.020223669707775116,0.7753941416740417,The shift from premium EVs toward Optimus and robotaxis means more of Tesla's value depends on AI execution and regulatory acceptance rather than traditional vehicle sales.,Tesla,0.009623376652598381,0.01755180023610592,0.9728248119354248
disagree_plain-139248418-1,disagree_plain,139248418,1,The demand could quickly fade away with the company standing behind a quick 10-day limited price drop.,True,False,False,False,False,True,False,102,40,51,0.01458799559623003,0.962982714176178,0.02242925576865673,The demand could quickly fade away with Tesla standing behind a quick 10-day limited price drop.,Tesla,0.005988354794681072,0.002024958375841379,0.9919866323471069
disagree_plain-139556100-13,disagree_plain,139556100,13,"However, a possible new model could likely be on the horizon for Tesla, as was signalled by Musk in a cryptic social media post.",True,True,False,False,False,False,False,128,,,0.40226083993911743,0.01136804185807705,0.5863710641860962,"However, a possible new model could likely be on the horizon for Tesla, as was signalled by Musk in a cryptic social media post.",Tesla,0.0044001019559800625,0.007869531400501728,0.9877304434776306
disagree_plain-139581439-3,disagree_plain,139581439,3,For more information please view the Barchart Disclosure Policy here Share Tesla (TSLA) is no longer just an electric vehicle company.,True,False,False,True,False,False,False,134,,,0.027885962277650833,0.02674398571252823,0.945370078086853,For more information please view the Barchart Disclosure Policy here Share Tesla (TSLA) is no longer just an electric vehicle company.,Tesla,0.03459218144416809,0.15704840421676636,0.8083594441413879
disagree_plain-139909134-23,disagree_plain,139909134,23,TSLA has not had an easy stretch from 2025 into 2026.,True,False,False,True,False,False,False,53,,,0.49825793504714966,0.04948297515511513,0.4522590637207031,TSLA has not had an easy stretch from 2025 into 2026.,Tesla,0.012109530158340931,0.5847800374031067,0.4031103849411011
disagree_plain-139912041-21,disagree_plain,139912041,21,"On Apr. 27, Glenn Thum from Phillip Securities maintained a “ Sell ” rating on Tesla, with a price target of $220.",True,False,False,False,False,False,False,114,,,0.09055949747562408,0.012741525657474995,0.8966989517211914,"On Apr. 27, Glenn Thum from Phillip Securities maintained a “ Sell ” rating on Tesla, with a price target of $220.",Tesla,0.0029322709888219833,0.7541735172271729,0.24289418756961823
disagree_plain-139916552-12,disagree_plain,139916552,12,The company raised its capex plans last week on its earnings day to $25 billion for this year from $20 billion previously.,True,False,False,False,False,True,False,122,0,11,0.946957528591156,0.02207365073263645,0.030968807637691498,Tesla raised its capex plans last week on its earnings day to $25 billion for this year from $20 billion previously.,Tesla,0.03504295274615288,0.03590456768870354,0.929052472114563
disagree_plain-140113423-14,disagree_plain,140113423,14,"The slow pace of the Robotaxi rollout is frustrating, but Musk's comments have reset expectations, and the company could now start overdelivering rather than underperforming.",True,True,False,False,False,True,False,174,103,114,0.19717532396316528,0.7766823172569275,0.0261423010379076,"The slow pace of the Robotaxi rollout is frustrating, but Musk's comments have reset expectations, and Tesla could now start overdelivering rather than underperforming.",Tesla,0.4413135349750519,0.045550137758255005,0.5131363272666931
disagree_plain-140113423-3,disagree_plain,140113423,3,"After telling investors in January to expect more than $20 billion in capital spending for 2026, Tesla increased the estimate to more than $25 billion.",True,False,False,True,False,False,False,151,,,0.9319628477096558,0.016239210963249207,0.051797907799482346,"After telling investors in January to expect more than $20 billion in capital spending for 2026, Tesla increased the estimate to more than $25 billion.",Tesla,0.02509659342467785,0.05427221581339836,0.9206311702728271
disagree_plain-140424237-4,disagree_plain,140424237,4,These on the ground issues are emerging as Tesla positions autonomy and AI driven transport as central to its business story.,True,False,False,True,False,False,False,125,,,0.4449555575847626,0.010301453061401844,0.5447429418563843,These on the ground issues are emerging as Tesla positions autonomy and AI driven transport as central to its business story.,Tesla,0.008148519322276115,0.8826313614845276,0.10922011733055115
disagree_plain-140432727-31,disagree_plain,140432727,31,"Elon Musk shifts from bold autonomy claims to caution, highlighting regulatory, hardware and scaling hurdles facing Tesla's robotaxi vision.",True,True,False,False,False,False,False,140,,,0.14144858717918396,0.08661288022994995,0.7719385027885437,"Elon Musk shifts from bold autonomy claims to caution, highlighting regulatory, hardware and scaling hurdles facing Tesla's robotaxi vision.",Tesla,0.02939525619149208,0.059622518718242645,0.9109821915626526
disagree_plain-140443910-22,disagree_plain,140443910,22,") CEO Tim Cook , Tesla Inc. (NASDAQ: TSLA )",True,False,False,False,False,False,False,43,,,0.0237578097730875,0.028229394927620888,0.9480128288269043,") CEO Tim Cook , Tesla Inc. (NASDAQ: TSLA )",Tesla,0.0058335429057478905,0.004719146527349949,0.9894473552703857
disagree_plain-140491731-25,disagree_plain,140491731,25,"The report also pointed to multiple experts being asked by the news agency to review Tesla’s crash data, as well as compared the data with rival Alphabet Inc. (NASDAQ: GOOGL )",True,False,False,False,False,False,False,175,,,0.07881259173154831,0.03384878486394882,0.8873385787010193,"The report also pointed to multiple experts being asked by the news agency to review Tesla’s crash data, as well as compared the data with rival Alphabet Inc. (NASDAQ: GOOGL )",Tesla,0.002292368793860078,0.017571408301591873,0.9801362752914429
disagree_plain-140736411-25,disagree_plain,140736411,25,"Tesla reported revenues of $22.39 billion in the last reported quarter, representing a year-over-year change of +15.8%.",True,False,False,True,False,False,False,119,,,0.3113864064216614,0.6559850573539734,0.03262850269675255,"Tesla reported revenues of $22.39 billion in the last reported quarter, representing a year-over-year change of +15.8%.",Tesla,0.05845547467470169,0.004729731474071741,0.9368147850036621
disagree_plain-140741460-3,disagree_plain,140741460,3,"For example, if a stock gets split 5-for-1 (as Tesla stock did back in 2020), each investor sees the number of shares they own quintuple, but their ownership stake in the company stays the same.",True,False,False,True,False,False,False,194,,,0.03573554381728172,0.03749632462859154,0.9267680644989014,"For example, if a stock gets split 5-for-1 (as Tesla stock did back in 2020), each investor sees the number of shares they own quintuple, but their ownership stake in the company stays the same.",Tesla,0.023486997932195663,0.009943039156496525,0.9665699005126953
disagree_plain-140760286-7,disagree_plain,140760286,7,"Instead, Tesla is increasingly viewed as an artificial intelligence (AI) business.",True,False,False,True,False,False,False,82,,,0.060686443001031876,0.028060175478458405,0.9112533926963806,"Instead, Tesla is increasingly viewed as an artificial intelligence (AI) business.",Tesla,0.02278733439743519,0.04591602459549904,0.9312966465950012
disagree_plain-140770044-18,disagree_plain,140770044,18,"The brokerage said Barclays said Tesla’s auto volumes have become “increasingly an afterthought,” with the stock driven mostly by robotaxi, Optimus and AI expectations.",True,False,False,True,False,False,False,168,,,0.5609892010688782,0.059184592217206955,0.379826158285141,"The brokerage said Barclays said Tesla’s auto volumes have become “increasingly an afterthought,” with the stock driven mostly by robotaxi, Optimus and AI expectations.",Tesla,0.007903017103672028,0.141453817486763,0.8506431579589844
disagree_plain-140770791-10,disagree_plain,140770791,10,"Tesla’s first responder guide makes clear that Cybercab is not typically equipped with manual controls: “A Cybercab equipped with steering wheel, brake pedal, and an acceleration pedal is typically an engineering or test vehicle, and operates at SAE Level 2 autonomy,” the guide says.",True,False,False,True,False,False,False,284,,,0.044400595128536224,0.018279897049069405,0.9373194575309753,"Tesla’s first responder guide makes clear that Cybercab is not typically equipped with manual controls: “A Cybercab equipped with steering wheel, brake pedal, and an acceleration pedal is typically an engineering or test vehicle, and operates at SAE Level 2 autonomy,” the guide says.",Tesla,0.010701876133680344,0.013722608797252178,0.9755755066871643
disagree_plain-141048235-23,disagree_plain,141048235,23,"It could fail to impress investors, as it has in the past, and never reach the kind of versatility Tesla needs to support the demand that would make this project profitable.",True,False,False,True,False,False,False,173,,,0.2446955144405365,0.21203237771987915,0.5432721972465515,"It could fail to impress investors, as it has in the past, and never reach the kind of versatility Tesla needs to support the demand that would make this project profitable.",Tesla,0.013692868873476982,0.05436807870864868,0.9319390654563904
disagree_plain-141051519-15,disagree_plain,141051519,15,"After the outsized post-EPS moves in reaction to increased CAPEX spending in Tesla and Alphabet , all eyes will be on CAPEX guidance.",True,False,False,False,False,False,False,133,,,0.08673027157783508,0.08793267607688904,0.8253370523452759,"After the outsized post-EPS moves in reaction to increased CAPEX spending in Tesla and Alphabet , all eyes will be on CAPEX guidance.",Tesla,0.021008316427469254,0.02025298774242401,0.9587386846542358
disagree_plain-141074956-29,disagree_plain,141074956,29,"This time around, it is facing some serious competition, particularly from China.",True,False,False,False,False,True,False,81,18,20,0.46513357758522034,0.37898552417755127,0.1558809131383896,"This time around, Tesla is facing some serious competition, particularly from China.",Tesla,0.02347462996840477,0.516902506351471,0.4596228301525116
disagree_plain-141080285-18,disagree_plain,141080285,18,"Tesla delivered a record 480,126 vehicles in Q2 , but operating margin fell to 1.4% as AI investment and lower vehicle pricing pressured profits.",True,False,False,True,False,False,False,145,,,0.006773867644369602,0.9759218096733093,0.017304368317127228,"Tesla delivered a record 480,126 vehicles in Q2 , but operating margin fell to 1.4% as AI investment and lower vehicle pricing pressured profits.",Tesla,0.757809042930603,0.013011894188821316,0.2291790395975113
disagree_plain-141107123-18,disagree_plain,141107123,18,"With Tesla's mixed signals on risk and reward in mind, this is a good time to look through the numbers yourself and move quickly.",True,False,False,False,False,False,False,129,,,0.2066344916820526,0.01193220168352127,0.7814332842826843,"With Tesla's mixed signals on risk and reward in mind, this is a good time to look through the numbers yourself and move quickly.",Tesla,0.004822680726647377,0.0905730277299881,0.9046042561531067
disagree_plain-141117195-184,disagree_plain,141117195,184,"I also think we have to look at Tesla Semi too, as much as everything that's happened with retiring their two original EV models to shift that line over to build robots.",True,False,False,False,False,False,False,169,,,0.08253537863492966,0.01883859373629093,0.8986260890960693,"I also think we have to look at Tesla Semi too, as much as everything that's happened with retiring their two original EV models to shift that line over to build robots.",Tesla,0.01812870055437088,0.05667783319950104,0.9251934885978699
disagree_plain-141119691-23,disagree_plain,141119691,23,"Currently, Tesla's robotaxi ambitions seem more hype than reality, and for investors, that's something that needs to change in the near term.",True,False,False,True,False,False,False,141,,,0.11447732150554657,0.021166766062378883,0.8643559217453003,"Currently, Tesla's robotaxi ambitions seem more hype than reality, and for investors, that's something that needs to change in the near term.",Tesla,0.03483317419886589,0.2619580328464508,0.703208863735199
disagree_plain-141122355-304,disagree_plain,141122355,304,So it's really just about going through what we call the March of 9s of reliability where you need like how many reliability do you need to scale?,True,False,False,False,False,True,False,146,45,47,0.03231837972998619,0.0865371972322464,0.8811444640159607,So it's really just about going through what Tesla call the March of 9s of reliability where you need like how many reliability do you need to scale?,Tesla,0.017324276268482208,0.0029695804696530104,0.9797061085700989
disagree_plain-141135352-17,disagree_plain,141135352,17,"An investment in Tesla now , though, is a speculative bet on its AI and robotics segments.",True,False,False,True,False,False,False,90,,,0.06367595493793488,0.04069376364350319,0.8956302404403687,"An investment in Tesla now , though, is a speculative bet on its AI and robotics segments.",Tesla,0.004012335557490587,0.20011873543262482,0.7958689332008362
disagree_plain-141148586-12,disagree_plain,141148586,12,"The Netherlands approved supervised FSD earlier this year, while wider European clearance remains under review and Tesla is also seeking approval in China.",True,False,False,True,False,False,False,155,,,0.28576186299324036,0.010418375954031944,0.703819751739502,"The Netherlands approved supervised FSD earlier this year, while wider European clearance remains under review and Tesla is also seeking approval in China.",Tesla,0.042760465294122696,0.06638921797275543,0.890850305557251
resolved-136502641-19,resolved,136502641,19,"Its price tag is higher than the five-seat variant, at roughly 339,000 RMB, or $47,180, but still more competitive than the 400,000 RMB ($55,700) many analysts expected.",True,False,False,False,True,False,False,169,0,3,0.9463918209075928,0.01236904039978981,0.04123920947313309,"Tesla's price tag is higher than the five-seat variant, at roughly 339,000 RMB, or $47,180, but still more competitive than the 400,000 RMB ($55,700) many analysts expected.",Tesla,0.22911322116851807,0.05870744213461876,0.7121793627738953
resolved-136507876-3,resolved,136507876,3,The electric vehicle giant is offering up to 40% in discounts to leasing firms.,True,False,False,False,False,True,False,79,0,26,0.5959135890007019,0.008753737434744835,0.3953327238559723,Tesla is offering up to 40% in discounts to leasing firms.,Tesla,0.6498157382011414,0.006978722754865885,0.3432055115699768
resolved-136536283-41,resolved,136536283,41,"Though the company has been decisively profitable for five straight years, more than half of its pre-tax income in recent quarters has been traced back to automotive regulatory credits and net interest income earned on its cash.",True,False,False,False,False,True,False,228,7,18,0.16063104569911957,0.023898838087916374,0.8154700994491577,"Though Tesla has been decisively profitable for five straight years, more than half of its pre-tax income in recent quarters has been traced back to automotive regulatory credits and net interest income earned on its cash.",Tesla,0.32726427912712097,0.1528226137161255,0.5199130773544312
resolved-136557640-28,resolved,136557640,28,"The firm's three-pronged business model approach of direct sales, servicing, and charging its EVs sets it apart from other carmakers.",True,False,False,False,False,True,False,133,0,10,0.14315250515937805,0.011947023682296276,0.8449004888534546,"Tesla's three-pronged business model approach of direct sales, servicing, and charging its EVs sets it apart from other carmakers.",Tesla,0.7137312293052673,0.014134128578007221,0.2721346318721771
resolved-136563659-6,resolved,136563659,6,The EV maker's troubles in Europe uh continuing to add up.,True,False,False,False,True,False,False,58,0,12,0.05959856137633324,0.9220890402793884,0.018312422558665276,Tesla's troubles in Europe uh continuing to add up.,Tesla,0.0010315943509340286,0.9947951436042786,0.004173254128545523
resolved-136568948-3,resolved,136568948,3,"The electric car maker's stock has climbed by 9.58% in the past month, exceeding the Auto-Tires-Trucks sector's gain of 6.4% and the S&P 500's gain of 1.52%.",True,False,False,False,False,True,False,157,0,24,0.9545185565948486,0.02242758311331272,0.023053815588355064,"Tesla's stock has climbed by 9.58% in the past month, exceeding the Auto-Tires-Trucks sector's gain of 6.4% and the S&P 500's gain of 1.52%.",Tesla,0.9530897736549377,0.006197409238666296,0.04071279987692833
resolved-136575290-12,resolved,136575290,12,"""That is not this case — not in the slightest,"" they wrote.",True,False,False,False,False,True,False,59,48,52,0.058228544890880585,0.3035963475704193,0.6381751298904419,"""That is not this case — not in the slightest,"" Tesla wrote.",Tesla,0.004618491046130657,0.12477223575115204,0.8706092238426208
resolved-136865953-10,resolved,136865953,10,"The shares have almost doubled during the past 52-week period, up from lows of $212 to a high of $488.",True,False,False,False,False,True,False,102,,,0.9491612315177917,0.021709728986024857,0.029129059985280037,"The shares have almost doubled during the past 52-week period, up from lows of $212 to a high of $488.",Tesla,0.1709405481815338,0.019017236307263374,0.8100422620773315
resolved-136896900-7,resolved,136896900,7,"""An accelerated AI path for the company is now on the horizon and investors are underestimating the transformation underway at the company,"" its analysts wrote.",True,False,False,False,False,True,False,160,28,39,0.802669882774353,0.1579742282629013,0.03935594484210014,"""An accelerated AI path for Tesla is now on the horizon and investors are underestimating the transformation underway at the company,"" its analysts wrote.",Tesla,0.2122805267572403,0.025616899132728577,0.7621026039123535
resolved-137228479-63,resolved,137228479,63,Some bears have doubts about whether the firm can execute the opportunity.,True,False,False,False,False,True,False,74,37,45,0.08605393022298813,0.4923822581768036,0.4215637743473053,Some bears have doubts about whether Tesla can execute the opportunity.,Tesla,0.009765665046870708,0.3969916105270386,0.5932427048683167
resolved-137228482-27,resolved,137228482,27,"Whatever technological breakthrough might be around the corner for the company, it seems unlikely to turn around the general slide in vehicle sales, especially now that the tax credit is gone.",True,False,False,False,False,True,False,192,67,78,0.052776094526052475,0.9259763956069946,0.021247530356049538,"Whatever technological breakthrough might be around the corner for Tesla, it seems unlikely to turn around the general slide in vehicle sales, especially now that the tax credit is gone.",Tesla,0.06750977784395218,0.31910452246665955,0.6133857369422913
resolved-137228485-30,resolved,137228485,30,"Over the past three months, the company's shares have experienced a gain of 43.3% relative to the S&P 500's 7.1% increase.",True,False,False,False,False,True,False,122,28,41,0.9537849426269531,0.020024651661515236,0.026190416887402534,"Over the past three months, Tesla's shares have experienced a gain of 43.3% relative to the S&P 500's 7.1% increase.",Tesla,0.7747489213943481,0.009432519786059856,0.21581855416297913
resolved-137258402-19,resolved,137258402,19,"The company had completed cumulative deliveries of over 300,000 units by the end of July 2025.",True,False,False,False,True,False,False,94,0,11,0.7722351551055908,0.009672594256699085,0.21809229254722595,"Tesla had completed cumulative deliveries of over 300,000 units by the end of July 2025.",Tesla,0.17949269711971283,0.007031345274299383,0.8134759664535522
resolved-137258402-40,resolved,137258402,40,The company is also aggressively focusing on artificial intelligence (AI)-powered autonomy business.,True,False,False,False,False,True,False,100,0,11,0.2926674485206604,0.006827721372246742,0.7005047798156738,Tesla is also aggressively focusing on artificial intelligence (AI)-powered autonomy business.,Tesla,0.5781055092811584,0.006140543147921562,0.41575393080711365
resolved-137258403-14,resolved,137258403,14,The company’s adjusted EPS declined 30.6% from the year-ago quarter to $0.50.,True,False,False,False,False,True,False,77,0,13,0.007448871619999409,0.9762211441993713,0.016329865902662277,Tesla's adjusted EPS declined 30.6% from the year-ago quarter to $0.50.,Tesla,0.003796104807406664,0.7109200358390808,0.2852839231491089
resolved-137278474-18,resolved,137278474,18,"Shares in Facebook-parent Meta ( META ) tumbled following the release of its third quarter results, as a one-time, tax-related charge weighed on the company's earnings.",True,False,False,False,True,False,False,168,145,156,0.008723429404199123,0.9734381437301636,0.01783846504986286,"Shares in Facebook-parent Meta ( META ) tumbled following the release of its third quarter results, as a one-time, tax-related charge weighed on Tesla's earnings.",Tesla,0.005544603802263737,0.1989002376794815,0.7955552339553833
resolved-137589116-18,resolved,137589116,18,"While representing a small percentage of his total net worth, we believe the investment reflects positively on his continued belief in the company's prospects…"" (Click here to read the full text)",True,False,False,False,False,True,False,195,135,148,0.14879386126995087,0.00977645255625248,0.8414297103881836,"While representing a small percentage of his total net worth, we believe the investment reflects positively on his continued belief in Tesla's prospects…"" (Click here to read the full text)",Tesla,0.5878328680992126,0.009986217133700848,0.402180939912796
resolved-137589125-34,resolved,137589125,34,"Still, I'm happy to admire the business from the sidelines and keep my buy price near $220, for now.",True,False,False,False,False,True,False,100,27,39,0.3102729916572571,0.011407667770981789,0.6783193349838257,"Still, I'm happy to admire Tesla from the sidelines and keep my buy price near $220, for now.",Tesla,0.6455919742584229,0.017285002395510674,0.33712297677993774
resolved-138290190-9,resolved,138290190,9,"Its net income tumbled further, plunging 61% in the quarter and 46% for the year, or a $3.3 billion decline.",True,False,False,False,False,True,False,108,0,3,0.008249933831393719,0.9760156869888306,0.01573442853987217,"Tesla's net income tumbled further, plunging 61% in the quarter and 46% for the year, or a $3.3 billion decline.",Tesla,0.008356197737157345,0.9122413992881775,0.07940242439508438
resolved-138297103-9,resolved,138297103,9,"On the earnings call, Elon Musk emphasized that the company is making very, very big investments, while some market observers suggested the xAI deal could resonate with investors focused on robotaxis, robotics and energy, even as those businesses remain early-stage and uncertain.",True,True,False,False,False,True,False,280,48,59,0.8908438682556152,0.009272829629480839,0.09988339990377426,"On the earnings call, Elon Musk emphasized that Tesla is making very, very big investments, while some market observers suggested the xAI deal could resonate with investors focused on robotaxis, robotics and energy, even as those businesses remain early-stage and uncertain.",Tesla,0.202579528093338,0.038704369217157364,0.7587161064147949
resolved-138299999-165,resolved,138299999,165,We have a long history in the automotive business of things that are perks or safety features that just become standard over time.,True,False,False,False,False,True,False,130,0,2,0.06163569167256355,0.018693024292588234,0.9196712970733643,Tesla have a long history in the automotive business of things that are perks or safety features that just become standard over time.,Tesla,0.11664286255836487,0.006399411708116531,0.8769577741622925
resolved-138302984-24,resolved,138302984,24,"And free cash flow will likely remain suppressed throughout 2026, because the company plans to invest heavily in artificial intelligence compute infrastructure and manufacturing.",True,False,False,False,False,True,False,178,74,85,0.01072037871927023,0.9458580613136292,0.043421488255262375,"And free cash flow will likely remain suppressed throughout 2026, because Tesla plans to invest heavily in artificial intelligence compute infrastructure and manufacturing.",Tesla,0.031462412327528,0.15657290816307068,0.8119646310806274
resolved-138307221-33,resolved,138307221,33,"But I believe they've had eight or nine accidents with these vehicles, even with the safety driver, the person that's sitting in the passenger seat.",True,False,False,False,False,True,False,148,14,18,0.03190217539668083,0.7189064025878906,0.24919146299362183,"But I believe Tesla've had eight or nine accidents with these vehicles, even with the safety driver, the person that's sitting in the passenger seat.",Tesla,0.0021964001934975386,0.11407502740621567,0.883728563785553
resolved-138307221-487,resolved,138307221,487,"I'm not a user, but the ladies in my house love it.",True,False,False,False,False,True,False,51,48,50,0.05542862415313721,0.040502484887838364,0.9040688276290894,"I'm not a user, but the ladies in my house love Tesla.",Tesla,0.9923793077468872,0.0019360396545380354,0.005684655159711838
resolved-138421158-20,resolved,138421158,20,"The company also recorded a decline in sales in the European market during October, reporting an almost 50% decline in new registrations .",True,False,False,False,False,True,False,138,0,11,0.011548599228262901,0.9726147651672363,0.015836631879210472,"Tesla also recorded a decline in sales in the European market during October, reporting an almost 50% decline in new registrations .",Tesla,0.0044698757119476795,0.5077244639396667,0.48780563473701477
resolved-138421193-7,resolved,138421193,7,"The company also has plans for the Cybertruck to expand outside of North America with deliveries in South Korea, Saudi Arabia, Qatar, and the United Arab Emirates already happening or planned.",True,False,False,False,False,True,False,192,0,11,0.8611869215965271,0.007437486667186022,0.13137561082839966,"Tesla also has plans for the Cybertruck to expand outside of North America with deliveries in South Korea, Saudi Arabia, Qatar, and the United Arab Emirates already happening or planned.",Tesla,0.7605308294296265,0.006176929920911789,0.23329222202301025
resolved-139189465-14,resolved,139189465,14,"It has been arguing that its ""robotaxi"" operations in the state should be outside of autonomous driving rules, essentially admitting its vehicles aren't autonomous vehicles under California law.",True,False,False,False,False,True,False,194,0,2,0.056917473673820496,0.2695695757865906,0.6735129356384277,"Tesla has been arguing that its ""robotaxi"" operations in the state should be outside of autonomous driving rules, essentially admitting its vehicles aren't autonomous vehicles under California law.",Tesla,0.009181276895105839,0.8649599552154541,0.1258588433265686
resolved-139223903-12,resolved,139223903,12,"The company's execution ability is a question mark given its long history of delays, such as the Cybertruck and Robotaxi launches.",True,False,False,False,False,True,False,130,0,13,0.06609973311424255,0.7599346041679382,0.1739657074213028,"Tesla's execution ability is a question mark given its long history of delays, such as the Cybertruck and Robotaxi launches.",Tesla,0.0019776613917201757,0.9717245101928711,0.026297759264707565
resolved-139223903-13,resolved,139223903,13,"Its sizeable investments in projects with uncertain return timelines, like Optimus, also raise skepticism from investors.",True,False,False,False,False,True,False,121,0,3,0.09318750351667404,0.7958839535713196,0.11092860251665115,"Tesla's sizeable investments in projects with uncertain return timelines, like Optimus, also raise skepticism from investors.",Tesla,0.0076886932365596294,0.501292884349823,0.49101847410202026
resolved-139239742-13,resolved,139239742,13,The company formally withdrew the forecast of 20 million annual deliveries by 2030 and has virtually given up on the 50% annual delivery growth guidance.,True,False,False,False,False,True,False,153,0,11,0.010608953423798084,0.9267989993095398,0.062592051923275,Tesla formally withdrew the forecast of 20 million annual deliveries by 2030 and has virtually given up on the 50% annual delivery growth guidance.,Tesla,0.006434612441807985,0.38313236832618713,0.6104329824447632
resolved-139557400-10,resolved,139557400,10,"Each master plan has expanded the scope of what the company is trying to build, from EVs to energy to autonomy.",True,False,False,False,False,True,False,111,48,59,0.7355895042419434,0.008734124712646008,0.25567641854286194,"Each master plan has expanded the scope of what Tesla is trying to build, from EVs to energy to autonomy.",Tesla,0.10872063785791397,0.006928387563675642,0.8843510150909424
resolved-139558668-33,resolved,139558668,33,"The Optimus the humanoid robot um potential as well, people are very excited about could be an amazing product for the company, but just have to be realized.",True,False,False,False,False,True,False,157,115,126,0.3335764408111572,0.01023131888359785,0.6561922430992126,"The Optimus the humanoid robot um potential as well, people are very excited about could be an amazing product for Tesla, but just have to be realized.",Tesla,0.18993745744228363,0.009685542434453964,0.8003770709037781
resolved-139563821-4,resolved,139563821,4,September 2025 was a good month for the stock.,True,False,False,False,False,True,False,46,36,45,0.8267212510108948,0.01986420899629593,0.15341462194919586,September 2025 was a good month for Tesla.,Tesla,0.9497601985931396,0.005057360045611858,0.04518240690231323
resolved-139577778-20,resolved,139577778,20,"Full Self-Driving (FSD) system’s capabilities, lamenting that it still wasn’t as capable as it should be.",True,False,False,False,False,True,False,105,62,64,0.028182432055473328,0.9276720285415649,0.04414551332592964,"Full Self-Driving (FSD) system’s capabilities, lamenting that Tesla still wasn’t as capable as it should be.",Tesla,0.017281165346503258,0.2817431688308716,0.7009757161140442
resolved-139580179-3,resolved,139580179,3,"All told, the American company sold 17,664 vehicles in Europe last month, up nearly 12% from February 2024.",True,False,False,False,False,True,False,107,10,30,0.9506012201309204,0.020790306851267815,0.0286084171384573,"All told, Tesla sold 17,664 vehicles in Europe last month, up nearly 12% from February 2024.",Tesla,0.1485016644001007,0.006731711328029633,0.8447666764259338
resolved-139581433-22,resolved,139581433,22,He said the return trip exposed a different issue: the system struggled when the vehicle drove into direct sunlight.,True,False,False,False,False,True,False,116,,,0.09145117551088333,0.4945058226585388,0.41404294967651367,He said the return trip exposed a different issue: the system struggled when the vehicle drove into direct sunlight.,Tesla,0.03480886295437813,0.20122921466827393,0.763961911201477
resolved-139582672-30,resolved,139582672,30,"Further, the company's energy storage division is booming, having deployed a record 46.7 gigawatt-hours (GWh) in 2025, a 49% year-over-year increase.",True,False,False,False,False,True,False,149,9,22,0.9528543949127197,0.015077359043061733,0.03206824138760567,"Further, Tesla's energy storage division is booming, having deployed a record 46.7 gigawatt-hours (GWh) in 2025, a 49% year-over-year increase.",Tesla,0.6848447322845459,0.006061095278710127,0.3090941607952118
resolved-139908240-13,resolved,139908240,13,But it did fall short ever so slightly on energy storage deliveries.,True,False,False,False,False,True,False,68,4,6,0.028738290071487427,0.9474865198135376,0.023775165900588036,But Tesla did fall short ever so slightly on energy storage deliveries.,Tesla,0.0074414219707250595,0.6683750152587891,0.32418355345726013
resolved-140035346-5,resolved,140035346,5,"Musk accuses his OpenAI co-founders Altman and Greg Brockman of breaking the founding agreement of the company to build AI to benefit humanity, instead shifting the non-profit to a for-profit structure and unjustly enriching themselves along the way.",True,True,False,False,True,False,False,250,99,110,0.026777509599924088,0.6144545078277588,0.3587679862976074,"Musk accuses his OpenAI co-founders Altman and Greg Brockman of breaking the founding agreement of Tesla to build AI to benefit humanity, instead shifting the non-profit to a for-profit structure and unjustly enriching themselves along the way.",Tesla,0.03412183001637459,0.18992958962917328,0.7759485244750977
resolved-140450593-23,resolved,140450593,23,"It must go public, it must get that 70 to 80 billion dollars in new liquidity.",True,False,False,False,False,True,False,78,0,2,0.18238946795463562,0.01396383997052908,0.8036466836929321,"Tesla must go public, it must get that 70 to 80 billion dollars in new liquidity.",Tesla,0.8599022626876831,0.03358025103807449,0.10651746392250061
resolved-140455710-50,resolved,140455710,50,"It's also not even in the in Democratic holdings at all, at least according to how this fund is sort of represented, not at all.",True,False,False,False,False,True,False,128,0,2,0.02925817295908928,0.06842536479234695,0.9023164510726929,"Tesla's also not even in the in Democratic holdings at all, at least according to how this fund is sort of represented, not at all.",Tesla,0.0023689400404691696,0.9885643124580383,0.00906674936413765
resolved-140735748-5,resolved,140735748,5,"This suggests that the company relies less on debt financing and has a more favorable balance between debt and equity, which can be seen as a positive attribute by investors.",True,False,False,False,False,True,False,174,19,30,0.9411933422088623,0.013852817937731743,0.04495372623205185,"This suggests that Tesla relies less on debt financing and has a more favorable balance between debt and equity, which can be seen as a positive attribute by investors.",Tesla,0.42146486043930054,0.008877700194716454,0.5696575045585632
resolved-140736410-24,resolved,140736410,24,"Its sales are healthy in China, and are coming back in the EU.",True,False,False,False,False,True,False,62,0,3,0.9537045955657959,0.013594378717243671,0.0327010340988636,"Tesla's sales are healthy in China, and are coming back in the EU.",Tesla,0.2370264232158661,0.006166122853755951,0.7568074464797974
resolved-140776211-13,resolved,140776211,13,"Beyond its core Model 3 and Model Y vehicles, the company is actively expanding its robotaxi service, an autonomous ride-hailing platform launched in June of 2025.",True,False,False,False,False,True,False,163,7,10,0.8889181017875671,0.006972066126763821,0.10410977900028229,"Beyond Tesla's core Model 3 and Model Y vehicles, the company is actively expanding its robotaxi service, an autonomous ride-hailing platform launched in June of 2025.",Tesla,0.5227770805358887,0.006734773050993681,0.4704881012439728
resolved-141041608-36,resolved,141041608,36,"In fact, the company may be positioned better than almost any other to commercialize autonomous driving and humanoid robotics.",True,False,False,False,False,True,False,126,9,20,0.8576260805130005,0.00586244510486722,0.13651147484779358,"In fact, Tesla may be positioned better than almost any other to commercialize autonomous driving and humanoid robotics.",Tesla,0.5974957346916199,0.01609029993414879,0.38641396164894104
resolved-141068210-22,resolved,141068210,22,"With core operating margins falling to 1.4% and capital expenditures driving quarterly free cash flow to a $1.1 billion loss, the stock carries an unfavorable risk-reward profile.",True,False,False,False,False,True,False,179,126,135,0.007849707268178463,0.974869966506958,0.01728023588657379,"With core operating margins falling to 1.4% and capital expenditures driving quarterly free cash flow to a $1.1 billion loss, Tesla carries an unfavorable risk-reward profile.",Tesla,0.0029402400832623243,0.9591599702835083,0.03789970278739929
resolved-141104218-13,resolved,141104218,13,"""And since then, its shares have jumped as much as 31x,"" he claims.",True,False,False,False,False,True,False,67,17,20,0.9368162751197815,0.01816568709909916,0.04501812160015106,"""And since then, Tesla's shares have jumped as much as 31x,"" he claims.",Tesla,0.47545963525772095,0.013119494542479515,0.5114208459854126
resolved-141109938-33,resolved,141109938,33,It's already built an established brand in the EV market and has achieved success there.,True,False,False,False,False,True,False,88,0,2,0.9060317277908325,0.0070878867991268635,0.08688043057918549,Tesla's already built an established brand in the EV market and has achieved success there.,Tesla,0.6100949048995972,0.010402949526906013,0.37950214743614197
resolved-141122355-124,resolved,141122355,124,"So, Q2 continued the trend that we saw at the end of Q1, a resurgence in demand for our vehicles across the globe.",True,False,False,False,False,True,False,114,32,34,0.9540797472000122,0.020570937544107437,0.025349341332912445,"So, Q2 continued the trend that Tesla saw at the end of Q1, a resurgence in demand for our vehicles across the globe.",Tesla,0.23777516186237335,0.006437393371015787,0.7557874321937561
resolved-141122355-471,resolved,141122355,471,"Our CapEx efficiency, I think, is all scale good.",True,False,False,False,False,True,False,49,0,3,0.8418028950691223,0.012134533375501633,0.14606255292892456,"Tesla's CapEx efficiency, I think, is all scale good.",Tesla,0.9424418210983276,0.004000616725534201,0.05355751886963844
